STRUCTURE,STRUCTURE_ID,STRUCTURE_NAME,ACTION,REF_AREA,Reference area,FREQ,Frequency of observation,MEASURE,Measure,STATISTICAL_OPERATION,Statistical operation,UNIT_MEASURE,Unit of measure,AGE,Age,METHODOLOGY,Methodology,DEFINITION,Definition,POVERTY_LINE,Poverty line,TIME_PERIOD,Time period,OBS_VALUE,Observation value,OBS_STATUS,Observation status,UNIT_MULT,Unit multiplier,CURRENCY,Currency,DECIMALS,Decimals,PRICE_BASE,Price base,BASE_PER,Base period,CONF_STATUS,Confidentiality status
DATAFLOW,OECD.WISE.INE:DSD_WISE_IDD@DF_IDD(1.0),Income distribution database,I,SWE,Sweden,A,Annual,INC_DISP_GINI,Gini (disposable income),_Z,Not applicable‚Äã‚Äã,0_TO_1,0-1 scale,_T,Total,METH2011,Income definition until 2011,D_CUR,Current definition,_Z,Not applicable,2000,,0.243,,A,Normal value,,,,,3,Three,,,,,,
DATAFLOW,OECD.WISE.INE:DSD_WISE_IDD@DF_IDD(1.0),Income distribution database,I,SWE,Sweden,A,Annual,INC_DISP_GINI,Gini (disposable income),_Z,Not applicable‚Äã‚Äã,0_TO_1,0-1 scale,_T,Total,METH2011,Income definition until 2011,D_CUR,Current definition,_Z,Not applicable,1995,,0.211,,A,Normal value,,,,,3,Three,,,,,,
DATAFLOW,OECD.WISE.INE:DSD_WISE_IDD@DF_IDD(1.0),Income distribution database,I,SWE,Sweden,A,Annual,INC_DISP_GINI,Gini (disposable income),_Z,Not applicable‚Äã‚Äã,0_TO_1,0-1 scale,_T,Total,METH2011,Income definition until 2011,D_CUR,Current definition,_Z,Not applicable,1991,,0.209,,A,Normal value,,,,,3,Three,,,,,,
DATAFLOW,OECD.WISE.INE:DSD_WISE_IDD@DF_IDD(1.0),Income distribution database,I,SWE,Sweden,A,Annual,INC_DISP_GINI,Gini (disposable income),_Z,Not applicable‚Äã‚Äã,0_TO_1,0-1 scale,_T,Total,METH2011,Income definition until 2011,D_CUR,Current definition,_Z,Not applicable,1983,,0.198,,A,Normal value,,,,,3,Three,,,,,,
DATAFLOW,OECD.WISE.INE:DSD_WISE_IDD@DF_IDD(1.0),Income distribution database,I,NOR,Norway,A,Annual,INC_DISP_GINI,Gini (disposable income),_Z,Not applicable‚Äã‚Äã,0_TO_1,0-1 scale,_T,Total,METH2011,Income definition until 2011,D_CUR,Current definition,_Z,Not applicable,2011,,0.25,,A,Normal value,,,,,3,Three,,,,,,
DATAFLOW,OECD.WISE.INE:DSD_WISE_IDD@DF_IDD(1.0),Income distribution database,I,DNK,Denmark,A,Annual,INC_DISP_GINI,Gini (disposable income),_Z,Not applicable‚Äã‚Äã,0_TO_1,0-1 scale,_T,Total,METH2012,Income definition since 2012,D_CUR,Current definition,_Z,Not applicable,2011,,0.2505,,A,Normal value,,,,,3,Three,,,,,,
DATAFLOW,OECD.WISE.INE:DSD_WISE_IDD@DF_IDD(1.0),Income distribution database,I,CAN,Canada,A,Annual,INC_DISP_GINI,Gini (disposable income),_Z,Not applicable‚Äã‚Äã,0_TO_1,0-1 scale,_T,Total,METH2012,Income definition since 2012,D_CUR,Current definition,_Z,Not applicable,2023,,0.305999994277954,,A,Normal value,,,,,3,Three,,,,,,
DATAFLOW,OECD.WISE.INE:DSD_WISE_IDD@DF_IDD(1.0),Income distribution database,I,CAN,Canada,A,Annual,INC_DISP_GINI,Gini (disposable income),_Z,Not applicable‚Äã‚Äã,0_TO_1,0-1 scale,_T,Total,METH2012,Income definition since 2012,D_CUR,Current definition,_Z,Not applicable,1995,,0.293374639,,A,Normal value,,,,,3,Three,,,,,,
DATAFLOW,OECD.WISE.INE:DSD_WISE_IDD@DF_IDD(1.0),Income distribution database,I,CAN,Canada,A,Annual,INC_DISP_GINI,Gini (disposable income),_Z,Not applicable‚Äã‚Äã,0_TO_1,0-1 scale,_T,Total,METH2012,Income definition since 2012,D_CUR,Current definition,_Z,Not applicable,1994,,0.291137711,,A,Normal value,,,,,3,Three,,,,,,
DATAFLOW,OECD.WISE.INE:DSD_WISE_IDD@DF_IDD(1.0),Income distribution database,I,CAN,Canada,A,Annual,INC_DISP_GINI,Gini (disposable income),_Z,Not applicable‚Äã‚Äã,0_TO_1,0-1 scale,_T,Total,METH2012,Income definition since 2012,D_CUR,Current definition,_Z,Not applicable,1993,,0.290296338,,A,Normal value,,,,,3,Three,,,,,,
DATAFLOW,OECD.WISE.INE:DSD_WISE_IDD@DF_IDD(1.0),Income distribution database,I,USA,United States,A,Annual,INC_DISP_GINI,Gini (disposable income),_Z,Not applicable‚Äã‚Äã,0_TO_1,0-1 scale,_T,Total,METH2012,Income definition since 2012,D_CUR,Current definition,_Z,Not applicable,2023,,0.3944025,,A,Normal value,,,,,3,Three,,,,,,
DATAFLOW,OECD.WISE.INE:DSD_WISE_IDD@DF_IDD(1.0),Income distribution database,I,DEU,Germany,A,Annual,INC_DISP_GINI,Gini (disposable income),_Z,Not applicable‚Äã‚Äã,0_TO_1,0-1 scale,_T,Total,METH2012,Income definition since 2012,D_CUR,Current definition,_Z,Not applicable,2022,,0.309150010347366,,A,Normal value,,,,,3,Three,,,,,,
DATAFLOW,OECD.WISE.INE:DSD_WISE_IDD@DF_IDD(1.0),Income distribution database,I,FRA,France,A,Annual,INC_DISP_GINI,Gini (disposable income),_Z,Not applicable‚Äã‚Äã,0_TO_1,0-1 scale,_T,Total,METH2012,Income definition since 2012,D_CUR,Current definition,_Z,Not applicable,2023,,0.29899999499321,,A,Normal value,,,,,3,Three,,,,,,
DATAFLOW,OECD.WISE.INE:DSD_WISE_IDD@DF_IDD(1.0),Income distribution database,I,DEU,Germany,A,Annual,INC_DISP_GINI,Gini (disposable income),_Z,Not applicable‚Äã‚Äã,0_TO_1,0-1 scale,_T,Total,METH2012,Income definition since 2012,D_CUR,Current definition,_Z,Not applicable,2020,,0.30256,,A,Normal value,,,,,3,Three,,,,,,
DATAFLOW,OECD.WISE.INE:DSD_WISE_IDD@DF_IDD(1.0),Income distribution database,I,DEU,Germany,A,Annual,INC_DISP_GINI,Gini (disposable income),_Z,Not applicable‚Äã‚Äã,0_TO_1,0-1 scale,_T,Total,METH2012,Income definition since 2012,D_CUR,Current definition,_Z,Not applicable,2019,,0.2959,,A,Normal value,,,,,3,Three,,,,,,
DATAFLOW,OECD.WISE.INE:DSD_WISE_IDD@DF_IDD(1.0),Income distribution database,I,DEU,Germany,A,Annual,INC_DISP_GINI,Gini (disposable income),_Z,Not applicable‚Äã‚Äã,0_TO_1,0-1 scale,_T,Total,METH2012,Income definition since 2012,D_CUR,Current definition,_Z,Not applicable,2018,,0.28934,,A,Normal value,,,,,3,Three,,,,,,
DATAFLOW,OECD.WISE.INE:DSD_WISE_IDD@DF_IDD(1.0),Income distribution database,I,DEU,Germany,A,Annual,INC_DISP_GINI,Gini (disposable income),_Z,Not applicable‚Äã‚Äã,0_TO_1,0-1 scale,_T,Total,METH2012,Income definition since 2012,D_CUR,Current definition,_Z,Not applicable,2017,,0.28916,,A,Normal value,,,,,3,Three,,,,,,
DATAFLOW,OECD.WISE.INE:DSD_WISE_IDD@DF_IDD(1.0),Income distribution database,I,DEU,Germany,A,Annual,INC_DISP_GINI,Gini (disposable income),_Z,Not applicable‚Äã‚Äã,0_TO_1,0-1 scale,_T,Total,METH2012,Income definition since 2012,D_CUR,Current definition,_Z,Not applicable,2016,,0.29441,,A,Normal value,,,,,3,Three,,,,,,
DATAFLOW,OECD.WISE.INE:DSD_WISE_IDD@DF_IDD(1.0),Income distribution database,I,DEU,Germany,A,Annual,INC_DISP_GINI,Gini (disposable income),_Z,Not applicable‚Äã‚Äã,0_TO_1,0-1 scale,_T,Total,METH2012,Income definition since 2012,D_CUR,Current definition,_Z,Not applicable,2015,,0.29318,,A,Normal value,,,,,3,Three,,,,,,
DATAFLOW,OECD.WISE.INE:DSD_WISE_IDD@DF_IDD(1.0),Income distribution database,I,DEU,Germany,A,Annual,INC_DISP_GINI,Gini (disposable income),_Z,Not applicable‚Äã‚Äã,0_TO_1,0-1 scale,_T,Total,METH2012,Income definition since 2012,D_CUR,Current definition,_Z,Not applicable,2014,,0.2887,,A,Normal value,,,,,3,Three,,,,,,
DATAFLOW,OECD.WISE.INE:DSD_WISE_IDD@DF_IDD(1.0),Income distribution database,I,DEU,Germany,A,Annual,INC_DISP_GINI,Gini (disposable income),_Z,Not applicable‚Äã‚Äã,0_TO_1,0-1 scale,_T,Total,METH2012,Income definition since 2012,D_CUR,Current definition,_Z,Not applicable,2013,,0.29215,,A,Normal value,,,,,3,Three,,,,,,
DATAFLOW,OECD.WISE.INE:DSD_WISE_IDD@DF_IDD(1.0),Income distribution database,I,DEU,Germany,A,Annual,INC_DISP_GINI,Gini (disposable income),_Z,Not applicable‚Äã‚Äã,0_TO_1,0-1 scale,_T,Total,METH2012,Income definition since 2012,D_CUR,Current definition,_Z,Not applicable,2012,,0.2888,,A,Normal value,,,,,3,Three,,,,,,
DATAFLOW,OECD.WISE.INE:DSD_WISE_IDD@DF_IDD(1.0),Income distribution database,I,DEU,Germany,A,Annual,INC_DISP_GINI,Gini (disposable income),_Z,Not applicable‚Äã‚Äã,0_TO_1,0-1 scale,_T,Total,METH2012,Income definition since 2012,D_CUR,Current definition,_Z,Not applicable,2011,,0.2905,,A,Normal value,,,,,3,Three,,,,,,
DATAFLOW,OECD.WISE.INE:DSD_WISE_IDD@DF_IDD(1.0),Income distribution database,I,DEU,Germany,A,Annual,INC_DISP_GINI,Gini (disposable income),_Z,Not applicable‚Äã‚Äã,0_TO_1,0-1 scale,_T,Total,METH2012,Income definition since 2012,D_CUR,Current definition,_Z,Not applicable,2008,,0.28473,,A,Normal value,,,,,3,Three,,,,,,
DATAFLOW,OECD.WISE.INE:DSD_WISE_IDD@DF_IDD(1.0),Income distribution database,I,DNK,Denmark,A,Annual,INC_DISP_GINI,Gini (disposable income),_Z,Not applicable‚Äã‚Äã,0_TO_1,0-1 scale,_T,Total,METH2012,Income definition since 2012,D_CUR,Current definition,_Z,Not applicable,2022,,0.276399999856949,,A,Normal value,,,,,3,Three,,,,,,
DATAFLOW,OECD.WISE.INE:DSD_WISE_IDD@DF_IDD(1.0),Income distribution database,I,DNK,Denmark,A,Annual,INC_DISP_GINI,Gini (disposable income),_Z,Not applicable‚Äã‚Äã,0_TO_1,0-1 scale,_T,Total,METH2012,Income definition since 2012,D_CUR,Current definition,_Z,Not applicable,2021,,0.272899985313416,,A,Normal value,,,,,3,Three,,,,,,
DATAFLOW,OECD.WISE.INE:DSD_WISE_IDD@DF_IDD(1.0),Income distribution database,I,DNK,Denmark,A,Annual,INC_DISP_GINI,Gini (disposable income),_Z,Not applicable‚Äã‚Äã,0_TO_1,0-1 scale,_T,Total,METH2012,Income definition since 2012,D_CUR,Current definition,_Z,Not applicable,2020,,0.269199997186661,,A,Normal value,,,,,3,Three,,,,,,
DATAFLOW,OECD.WISE.INE:DSD_WISE_IDD@DF_IDD(1.0),Income distribution database,I,DNK,Denmark,A,Annual,INC_DISP_GINI,Gini (disposable income),_Z,Not applicable‚Äã‚Äã,0_TO_1,0-1 scale,_T,Total,METH2012,Income definition since 2012,D_CUR,Current definition,_Z,Not applicable,2019,,0.2678,,A,Normal value,,,,,3,Three,,,,,,
DATAFLOW,OECD.WISE.INE:DSD_WISE_IDD@DF_IDD(1.0),Income distribution database,I,DNK,Denmark,A,Annual,INC_DISP_GINI,Gini (disposable income),_Z,Not applicable‚Äã‚Äã,0_TO_1,0-1 scale,_T,Total,METH2012,Income definition since 2012,D_CUR,Current definition,_Z,Not applicable,2018,,0.2632,,A,Normal value,,,,,3,Three,,,,,,
DATAFLOW,OECD.WISE.INE:DSD_WISE_IDD@DF_IDD(1.0),Income distribution database,I,DNK,Denmark,A,Annual,INC_DISP_GINI,Gini (disposable income),_Z,Not applicable‚Äã‚Äã,0_TO_1,0-1 scale,_T,Total,METH2012,Income definition since 2012,D_CUR,Current definition,_Z,Not applicable,2016,,0.2609,,A,Normal value,,,,,3,Three,,,,,,
DATAFLOW,OECD.WISE.INE:DSD_WISE_IDD@DF_IDD(1.0),Income distribution database,I,DNK,Denmark,A,Annual,INC_DISP_GINI,Gini (disposable income),_Z,Not applicable‚Äã‚Äã,0_TO_1,0-1 scale,_T,Total,METH2012,Income definition since 2012,D_CUR,Current definition,_Z,Not applicable,2015,,0.2633,,A,Normal value,,,,,3,Three,,,,,,
DATAFLOW,OECD.WISE.INE:DSD_WISE_IDD@DF_IDD(1.0),Income distribution database,I,DNK,Denmark,A,Annual,INC_DISP_GINI,Gini (disposable income),_Z,Not applicable‚Äã‚Äã,0_TO_1,0-1 scale,_T,Total,METH2012,Income definition since 2012,D_CUR,Current definition,_Z,Not applicable,2014,,0.2561,,A,Normal value,,,,,3,Three,,,,,,
DATAFLOW,OECD.WISE.INE:DSD_WISE_IDD@DF_IDD(1.0),Income distribution database,I,DNK,Denmark,A,Annual,INC_DISP_GINI,Gini (disposable income),_Z,Not applicable‚Äã‚Äã,0_TO_1,0-1 scale,_T,Total,METH2012,Income definition since 2012,D_CUR,Current definition,_Z,Not applicable,2013,,0.2539,,A,Normal value,,,,,3,Three,,,,,,
DATAFLOW,OECD.WISE.INE:DSD_WISE_IDD@DF_IDD(1.0),Income distribution database,I,DNK,Denmark,A,Annual,INC_DISP_GINI,Gini (disposable income),_Z,Not applicable‚Äã‚Äã,0_TO_1,0-1 scale,_T,Total,METH2012,Income definition since 2012,D_CUR,Current definition,_Z,Not applicable,2012,,0.2488,,A,Normal value,,,,,3,Three,,,,,,
DATAFLOW,OECD.WISE.INE:DSD_WISE_IDD@DF_IDD(1.0),Income distribution database,I,AUS,Australia,A,Annual,INC_DISP_GINI,Gini (disposable income),_Z,Not applicable‚Äã‚Äã,0_TO_1,0-1 scale,_T,Total,METH2012,Income definition since 2012,D_CUR,Current definition,_Z,Not applicable,2012,,0.326,,A,Normal value,,,,,3,Three,,,,,,
DATAFLOW,OECD.WISE.INE:DSD_WISE_IDD@DF_IDD(1.0),Income distribution database,I,SWE,Sweden,A,Annual,INC_DISP_GINI,Gini (disposable income),_Z,Not applicable‚Äã‚Äã,0_TO_1,0-1 scale,_T,Total,METH2012,Income definition since 2012,D_CUR,Current definition,_Z,Not applicable,2022,,0.29,,A,Normal value,,,,,3,Three,,,,,,
DATAFLOW,OECD.WISE.INE:DSD_WISE_IDD@DF_IDD(1.0),Income distribution database,I,FRA,France,A,Annual,INC_DISP_GINI,Gini (disposable income),_Z,Not applicable‚Äã‚Äã,0_TO_1,0-1 scale,_T,Total,METH2012,Income definition since 2012,D_CUR,Current definition,_Z,Not applicable,2022,,0.297,,A,Normal value,,,,,3,Three,,,,,,
DATAFLOW,OECD.WISE.INE:DSD_WISE_IDD@DF_IDD(1.0),Income distribution database,I,CAN,Canada,A,Annual,INC_DISP_GINI,Gini (disposable income),_Z,Not applicable‚Äã‚Äã,0_TO_1,0-1 scale,_T,Total,METH2012,Income definition since 2012,D_CUR,Current definition,_Z,Not applicable,2022,,0.3,,A,Normal value,,,,,3,Three,,,,,,
DATAFLOW,OECD.WISE.INE:DSD_WISE_IDD@DF_IDD(1.0),Income distribution database,I,AUS,Australia,A,Annual,INC_DISP_GINI,Gini (disposable income),_Z,Not applicable‚Äã‚Äã,0_TO_1,0-1 scale,_T,Total,METH2012,Income definition since 2012,D_CUR,Current definition,_Z,Not applicable,2020,,0.319,,A,Normal value,,,,,3,Three,,,,,,
DATAFLOW,OECD.WISE.INE:DSD_WISE_IDD@DF_IDD(1.0),Income distribution database,I,USA,United States,A,Annual,INC_DISP_GINI,Gini (disposable income),_Z,Not applicable‚Äã‚Äã,0_TO_1,0-1 scale,_T,Total,METH2012,Income definition since 2012,D_CUR,Current definition,_Z,Not applicable,2022,,0.3961,,A,Normal value,,,,,3,Three,,,,,,
DATAFLOW,OECD.WISE.INE:DSD_WISE_IDD@DF_IDD(1.0),Income distribution database,I,USA,United States,A,Annual,INC_DISP_GINI,Gini (disposable income),_Z,Not applicable‚Äã‚Äã,0_TO_1,0-1 scale,_T,Total,METH2012,Income definition since 2012,D_CUR,Current definition,_Z,Not applicable,2021,,0.3752,,A,Normal value,,,,,3,Three,,,,,,
DATAFLOW,OECD.WISE.INE:DSD_WISE_IDD@DF_IDD(1.0),Income distribution database,I,USA,United States,A,Annual,INC_DISP_GINI,Gini (disposable income),_Z,Not applicable‚Äã‚Äã,0_TO_1,0-1 scale,_T,Total,METH2012,Income definition since 2012,D_CUR,Current definition,_Z,Not applicable,2020,,0.3773,,A,Normal value,,,,,3,Three,,,,,,
DATAFLOW,OECD.WISE.INE:DSD_WISE_IDD@DF_IDD(1.0),Income distribution database,I,USA,United States,A,Annual,INC_DISP_GINI,Gini (disposable income),_Z,Not applicable‚Äã‚Äã,0_TO_1,0-1 scale,_T,Total,METH2012,Income definition since 2012,D_CUR,Current definition,_Z,Not applicable,2019,,0.3949,,A,Normal value,,,,,3,Three,,,,,,
DATAFLOW,OECD.WISE.INE:DSD_WISE_IDD@DF_IDD(1.0),Income distribution database,I,USA,United States,A,Annual,INC_DISP_GINI,Gini (disposable income),_Z,Not applicable‚Äã‚Äã,0_TO_1,0-1 scale,_T,Total,METH2012,Income definition since 2012,D_CUR,Current definition,_Z,Not applicable,2018,,0.3927,,A,Normal value,,,,,3,Three,,,,,,
DATAFLOW,OECD.WISE.INE:DSD_WISE_IDD@DF_IDD(1.0),Income distribution database,I,USA,United States,A,Annual,INC_DISP_GINI,Gini (disposable income),_Z,Not applicable‚Äã‚Äã,0_TO_1,0-1 scale,_T,Total,METH2012,Income definition since 2012,D_CUR,Current definition,_Z,Not applicable,2017,,0.3899,,A,Normal value,,,,,3,Three,,,,,,
DATAFLOW,OECD.WISE.INE:DSD_WISE_IDD@DF_IDD(1.0),Income distribution database,I,USA,United States,A,Annual,INC_DISP_GINI,Gini (disposable income),_Z,Not applicable‚Äã‚Äã,0_TO_1,0-1 scale,_T,Total,METH2012,Income definition since 2012,D_CUR,Current definition,_Z,Not applicable,2016,,0.39123223,,A,Normal value,,,,,3,Three,,,,,,
DATAFLOW,OECD.WISE.INE:DSD_WISE_IDD@DF_IDD(1.0),Income distribution database,I,USA,United States,A,Annual,INC_DISP_GINI,Gini (disposable income),_Z,Not applicable‚Äã‚Äã,0_TO_1,0-1 scale,_T,Total,METH2012,Income definition since 2012,D_CUR,Current definition,_Z,Not applicable,2015,,0.38955993,,A,Normal value,,,,,3,Three,,,,,,
DATAFLOW,OECD.WISE.INE:DSD_WISE_IDD@DF_IDD(1.0),Income distribution database,I,USA,United States,A,Annual,INC_DISP_GINI,Gini (disposable income),_Z,Not applicable‚Äã‚Äã,0_TO_1,0-1 scale,_T,Total,METH2012,Income definition since 2012,D_CUR,Current definition,_Z,Not applicable,2014,,0.39381632,,A,Normal value,,,,,3,Three,,,,,,
DATAFLOW,OECD.WISE.INE:DSD_WISE_IDD@DF_IDD(1.0),Income distribution database,I,USA,United States,A,Annual,INC_DISP_GINI,Gini (disposable income),_Z,Not applicable‚Äã‚Äã,0_TO_1,0-1 scale,_T,Total,METH2012,Income definition since 2012,D_CUR,Current definition,_Z,Not applicable,2013,,0.3959848,,A,Normal value,,,,,3,Three,,,,,,
DATAFLOW,OECD.WISE.INE:DSD_WISE_IDD@DF_IDD(1.0),Income distribution database,I,GBR,United Kingdom,A,Annual,INC_DISP_GINI,Gini (disposable income),_Z,Not applicable‚Äã‚Äã,0_TO_1,0-1 scale,_T,Total,METH2012,Income definition since 2012,D_CUR,Current definition,_Z,Not applicable,2023,,0.36703035235405,,A,Normal value,,,,,3,Three,,,,,,
DATAFLOW,OECD.WISE.INE:DSD_WISE_IDD@DF_IDD(1.0),Income distribution database,I,GBR,United Kingdom,A,Annual,INC_DISP_GINI,Gini (disposable income),_Z,Not applicable‚Äã‚Äã,0_TO_1,0-1 scale,_T,Total,METH2012,Income definition since 2012,D_CUR,Current definition,_Z,Not applicable,2022,,0.364765613,,A,Normal value,,,,,3,Three,,,,,,
DATAFLOW,OECD.WISE.INE:DSD_WISE_IDD@DF_IDD(1.0),Income distribution database,I,GBR,United Kingdom,A,Annual,INC_DISP_GINI,Gini (disposable income),_Z,Not applicable‚Äã‚Äã,0_TO_1,0-1 scale,_T,Total,METH2012,Income definition since 2012,D_CUR,Current definition,_Z,Not applicable,2021,,0.354064263,,A,Normal value,,,,,3,Three,,,,,,
DATAFLOW,OECD.WISE.INE:DSD_WISE_IDD@DF_IDD(1.0),Income distribution database,I,GBR,United Kingdom,A,Annual,INC_DISP_GINI,Gini (disposable income),_Z,Not applicable‚Äã‚Äã,0_TO_1,0-1 scale,_T,Total,METH2012,Income definition since 2012,D_CUR,Current definition,_Z,Not applicable,2015,,0.360156422,,A,Normal value,,,,,3,Three,,,,,,
DATAFLOW,OECD.WISE.INE:DSD_WISE_IDD@DF_IDD(1.0),Income distribution database,I,GBR,United Kingdom,A,Annual,INC_DISP_GINI,Gini (disposable income),_Z,Not applicable‚Äã‚Äã,0_TO_1,0-1 scale,_T,Total,METH2012,Income definition since 2012,D_CUR,Current definition,_Z,Not applicable,2014,,0.356090734,,A,Normal value,,,,,3,Three,,,,,,
DATAFLOW,OECD.WISE.INE:DSD_WISE_IDD@DF_IDD(1.0),Income distribution database,I,GBR,United Kingdom,A,Annual,INC_DISP_GINI,Gini (disposable income),_Z,Not applicable‚Äã‚Äã,0_TO_1,0-1 scale,_T,Total,METH2012,Income definition since 2012,D_CUR,Current definition,_Z,Not applicable,2012,,0.351452428,,A,Normal value,,,,,3,Three,,,,,,
DATAFLOW,OECD.WISE.INE:DSD_WISE_IDD@DF_IDD(1.0),Income distribution database,I,GBR,United Kingdom,A,Annual,INC_DISP_GINI,Gini (disposable income),_Z,Not applicable‚Äã‚Äã,0_TO_1,0-1 scale,_T,Total,METH2012,Income definition since 2012,D_CUR,Current definition,_Z,Not applicable,2011,,0.353700293,,A,Normal value,,,,,3,Three,,,,,,
DATAFLOW,OECD.WISE.INE:DSD_WISE_IDD@DF_IDD(1.0),Income distribution database,I,GBR,United Kingdom,A,Annual,INC_DISP_GINI,Gini (disposable income),_Z,Not applicable‚Äã‚Äã,0_TO_1,0-1 scale,_T,Total,METH2012,Income definition since 2012,D_CUR,Current definition,_Z,Not applicable,2010,,0.350878657,,A,Normal value,,,,,3,Three,,,,,,
DATAFLOW,OECD.WISE.INE:DSD_WISE_IDD@DF_IDD(1.0),Income distribution database,I,GBR,United Kingdom,A,Annual,INC_DISP_GINI,Gini (disposable income),_Z,Not applicable‚Äã‚Äã,0_TO_1,0-1 scale,_T,Total,METH2012,Income definition since 2012,D_CUR,Current definition,_Z,Not applicable,2009,,0.373940635,,A,Normal value,,,,,3,Three,,,,,,
DATAFLOW,OECD.WISE.INE:DSD_WISE_IDD@DF_IDD(1.0),Income distribution database,I,GBR,United Kingdom,A,Annual,INC_DISP_GINI,Gini (disposable income),_Z,Not applicable‚Äã‚Äã,0_TO_1,0-1 scale,_T,Total,METH2012,Income definition since 2012,D_CUR,Current definition,_Z,Not applicable,2008,,0.368516703,,A,Normal value,,,,,3,Three,,,,,,
DATAFLOW,OECD.WISE.INE:DSD_WISE_IDD@DF_IDD(1.0),Income distribution database,I,GBR,United Kingdom,A,Annual,INC_DISP_GINI,Gini (disposable income),_Z,Not applicable‚Äã‚Äã,0_TO_1,0-1 scale,_T,Total,METH2012,Income definition since 2012,D_CUR,Current definition,_Z,Not applicable,2007,,0.372697091,,A,Normal value,,,,,3,Three,,,,,,
DATAFLOW,OECD.WISE.INE:DSD_WISE_IDD@DF_IDD(1.0),Income distribution database,I,GBR,United Kingdom,A,Annual,INC_DISP_GINI,Gini (disposable income),_Z,Not applicable‚Äã‚Äã,0_TO_1,0-1 scale,_T,Total,METH2012,Income definition since 2012,D_CUR,Current definition,_Z,Not applicable,2006,,0.364430407,,A,Normal value,,,,,3,Three,,,,,,
DATAFLOW,OECD.WISE.INE:DSD_WISE_IDD@DF_IDD(1.0),Income distribution database,I,GBR,United Kingdom,A,Annual,INC_DISP_GINI,Gini (disposable income),_Z,Not applicable‚Äã‚Äã,0_TO_1,0-1 scale,_T,Total,METH2012,Income definition since 2012,D_CUR,Current definition,_Z,Not applicable,2005,,0.358875003,,A,Normal value,,,,,3,Three,,,,,,
DATAFLOW,OECD.WISE.INE:DSD_WISE_IDD@DF_IDD(1.0),Income distribution database,I,GBR,United Kingdom,A,Annual,INC_DISP_GINI,Gini (disposable income),_Z,Not applicable‚Äã‚Äã,0_TO_1,0-1 scale,_T,Total,METH2012,Income definition since 2012,D_CUR,Current definition,_Z,Not applicable,2004,,0.353784532,,A,Normal value,,,,,3,Three,,,,,,
DATAFLOW,OECD.WISE.INE:DSD_WISE_IDD@DF_IDD(1.0),Income distribution database,I,GBR,United Kingdom,A,Annual,INC_DISP_GINI,Gini (disposable income),_Z,Not applicable‚Äã‚Äã,0_TO_1,0-1 scale,_T,Total,METH2012,Income definition since 2012,D_CUR,Current definition,_Z,Not applicable,2003,,0.353240734,,A,Normal value,,,,,3,Three,,,,,,
DATAFLOW,OECD.WISE.INE:DSD_WISE_IDD@DF_IDD(1.0),Income distribution database,I,GBR,United Kingdom,A,Annual,INC_DISP_GINI,Gini (disposable income),_Z,Not applicable‚Äã‚Äã,0_TO_1,0-1 scale,_T,Total,METH2012,Income definition since 2012,D_CUR,Current definition,_Z,Not applicable,2002,,0.358833005,,A,Normal value,,,,,3,Three,,,,,,
DATAFLOW,OECD.WISE.INE:DSD_WISE_IDD@DF_IDD(1.0),Income distribution database,I,SWE,Sweden,A,Annual,INC_DISP_GINI,Gini (disposable income),_Z,Not applicable‚Äã‚Äã,0_TO_1,0-1 scale,_T,Total,METH2012,Income definition since 2012,D_CUR,Current definition,_Z,Not applicable,2023,,0.289000004529953,,A,Normal value,,,,,3,Three,,,,,,
DATAFLOW,OECD.WISE.INE:DSD_WISE_IDD@DF_IDD(1.0),Income distribution database,I,SWE,Sweden,A,Annual,INC_DISP_GINI,Gini (disposable income),_Z,Not applicable‚Äã‚Äã,0_TO_1,0-1 scale,_T,Total,METH2012,Income definition since 2012,D_CUR,Current definition,_Z,Not applicable,2017,,0.28183,,A,Normal value,,,,,3,Three,,,,,,
DATAFLOW,OECD.WISE.INE:DSD_WISE_IDD@DF_IDD(1.0),Income distribution database,I,NOR,Norway,A,Annual,INC_DISP_GINI,Gini (disposable income),_Z,Not applicable‚Äã‚Äã,0_TO_1,0-1 scale,_T,Total,METH2012,Income definition since 2012,D_CUR,Current definition,_Z,Not applicable,2022,,0.26233,,A,Normal value,,,,,3,Three,,,,,,
DATAFLOW,OECD.WISE.INE:DSD_WISE_IDD@DF_IDD(1.0),Income distribution database,I,NOR,Norway,A,Annual,INC_DISP_GINI,Gini (disposable income),_Z,Not applicable‚Äã‚Äã,0_TO_1,0-1 scale,_T,Total,METH2012,Income definition since 2012,D_CUR,Current definition,_Z,Not applicable,2021,,0.28508,,A,Normal value,,,,,3,Three,,,,,,
DATAFLOW,OECD.WISE.INE:DSD_WISE_IDD@DF_IDD(1.0),Income distribution database,I,NOR,Norway,A,Annual,INC_DISP_GINI,Gini (disposable income),_Z,Not applicable‚Äã‚Äã,0_TO_1,0-1 scale,_T,Total,METH2012,Income definition since 2012,D_CUR,Current definition,_Z,Not applicable,2019,,0.26127,,A,Normal value,,,,,3,Three,,,,,,
DATAFLOW,OECD.WISE.INE:DSD_WISE_IDD@DF_IDD(1.0),Income distribution database,I,NOR,Norway,A,Annual,INC_DISP_GINI,Gini (disposable income),_Z,Not applicable‚Äã‚Äã,0_TO_1,0-1 scale,_T,Total,METH2012,Income definition since 2012,D_CUR,Current definition,_Z,Not applicable,2018,,0.26208,,A,Normal value,,,,,3,Three,,,,,,
DATAFLOW,OECD.WISE.INE:DSD_WISE_IDD@DF_IDD(1.0),Income distribution database,I,NOR,Norway,A,Annual,INC_DISP_GINI,Gini (disposable income),_Z,Not applicable‚Äã‚Äã,0_TO_1,0-1 scale,_T,Total,METH2012,Income definition since 2012,D_CUR,Current definition,_Z,Not applicable,2017,,0.26154,,A,Normal value,,,,,3,Three,,,,,,
DATAFLOW,OECD.WISE.INE:DSD_WISE_IDD@DF_IDD(1.0),Income distribution database,I,NOR,Norway,A,Annual,INC_DISP_GINI,Gini (disposable income),_Z,Not applicable‚Äã‚Äã,0_TO_1,0-1 scale,_T,Total,METH2012,Income definition since 2012,D_CUR,Current definition,_Z,Not applicable,2016,,0.26208,,A,Normal value,,,,,3,Three,,,,,,
DATAFLOW,OECD.WISE.INE:DSD_WISE_IDD@DF_IDD(1.0),Income distribution database,I,NOR,Norway,A,Annual,INC_DISP_GINI,Gini (disposable income),_Z,Not applicable‚Äã‚Äã,0_TO_1,0-1 scale,_T,Total,METH2012,Income definition since 2012,D_CUR,Current definition,_Z,Not applicable,2015,,0.27192,,A,Normal value,,,,,3,Three,,,,,,
DATAFLOW,OECD.WISE.INE:DSD_WISE_IDD@DF_IDD(1.0),Income distribution database,I,NOR,Norway,A,Annual,INC_DISP_GINI,Gini (disposable income),_Z,Not applicable‚Äã‚Äã,0_TO_1,0-1 scale,_T,Total,METH2012,Income definition since 2012,D_CUR,Current definition,_Z,Not applicable,2012,,0.25252,,A,Normal value,,,,,3,Three,,,,,,
DATAFLOW,OECD.WISE.INE:DSD_WISE_IDD@DF_IDD(1.0),Income distribution database,I,NOR,Norway,A,Annual,INC_DISP_GINI,Gini (disposable income),_Z,Not applicable‚Äã‚Äã,0_TO_1,0-1 scale,_T,Total,METH2012,Income definition since 2012,D_CUR,Current definition,_Z,Not applicable,2011,,0.24962,,A,Normal value,,,,,3,Three,,,,,,
DATAFLOW,OECD.WISE.INE:DSD_WISE_IDD@DF_IDD(1.0),Income distribution database,I,NOR,Norway,A,Annual,INC_DISP_GINI,Gini (disposable income),_Z,Not applicable‚Äã‚Äã,0_TO_1,0-1 scale,_T,Total,METH2012,Income definition since 2012,D_CUR,Current definition,_Z,Not applicable,2010,,0.24858,,A,Normal value,,,,,3,Three,,,,,,
DATAFLOW,OECD.WISE.INE:DSD_WISE_IDD@DF_IDD(1.0),Income distribution database,I,NOR,Norway,A,Annual,INC_DISP_GINI,Gini (disposable income),_Z,Not applicable‚Äã‚Äã,0_TO_1,0-1 scale,_T,Total,METH2012,Income definition since 2012,D_CUR,Current definition,_Z,Not applicable,2009,,0.2449,,A,Normal value,,,,,3,Three,,,,,,
DATAFLOW,OECD.WISE.INE:DSD_WISE_IDD@DF_IDD(1.0),Income distribution database,I,NOR,Norway,A,Annual,INC_DISP_GINI,Gini (disposable income),_Z,Not applicable‚Äã‚Äã,0_TO_1,0-1 scale,_T,Total,METH2012,Income definition since 2012,D_CUR,Current definition,_Z,Not applicable,2004,,0.2853,,A,Normal value,,,,,3,Three,,,,,,
DATAFLOW,OECD.WISE.INE:DSD_WISE_IDD@DF_IDD(1.0),Income distribution database,I,DEU,Germany,A,Annual,INC_DISP_GINI,Gini (disposable income),_Z,Not applicable‚Äã‚Äã,0_TO_1,0-1 scale,_T,Total,METH2012,Income definition since 2012,D_CUR,Current definition,_Z,Not applicable,2021,,0.312539994716644,,A,Normal value,,,,,3,Three,,,,,,
DATAFLOW,OECD.WISE.INE:DSD_WISE_IDD@DF_IDD(1.0),Income distribution database,I,NOR,Norway,A,Annual,INC_DISP_GINI,Gini (disposable income),_Z,Not applicable‚Äã‚Äã,0_TO_1,0-1 scale,_T,Total,METH2011,Income definition until 2011,D_CUR,Current definition,_Z,Not applicable,2010,,0.249,,A,Normal value,,,,,3,Three,,,,,,
DATAFLOW,OECD.WISE.INE:DSD_WISE_IDD@DF_IDD(1.0),Income distribution database,I,NOR,Norway,A,Annual,INC_DISP_GINI,Gini (disposable income),_Z,Not applicable‚Äã‚Äã,0_TO_1,0-1 scale,_T,Total,METH2011,Income definition until 2011,D_CUR,Current definition,_Z,Not applicable,2009,,0.245,,A,Normal value,,,,,3,Three,,,,,,
DATAFLOW,OECD.WISE.INE:DSD_WISE_IDD@DF_IDD(1.0),Income distribution database,I,NOR,Norway,A,Annual,INC_DISP_GINI,Gini (disposable income),_Z,Not applicable‚Äã‚Äã,0_TO_1,0-1 scale,_T,Total,METH2011,Income definition until 2011,D_CUR,Current definition,_Z,Not applicable,2008,,0.25,,A,Normal value,,,,,3,Three,,,,,,
DATAFLOW,OECD.WISE.INE:DSD_WISE_IDD@DF_IDD(1.0),Income distribution database,I,NOR,Norway,A,Annual,INC_DISP_GINI,Gini (disposable income),_Z,Not applicable‚Äã‚Äã,0_TO_1,0-1 scale,_T,Total,METH2011,Income definition until 2011,D_CUR,Current definition,_Z,Not applicable,2004,,0.276,,A,Normal value,,,,,3,Three,,,,,,
DATAFLOW,OECD.WISE.INE:DSD_WISE_IDD@DF_IDD(1.0),Income distribution database,I,NOR,Norway,A,Annual,INC_DISP_GINI,Gini (disposable income),_Z,Not applicable‚Äã‚Äã,0_TO_1,0-1 scale,_T,Total,METH2011,Income definition until 2011,D_CUR,Current definition,_Z,Not applicable,2000,,0.261,,A,Normal value,,,,,3,Three,,,,,,
DATAFLOW,OECD.WISE.INE:DSD_WISE_IDD@DF_IDD(1.0),Income distribution database,I,NOR,Norway,A,Annual,INC_DISP_GINI,Gini (disposable income),_Z,Not applicable‚Äã‚Äã,0_TO_1,0-1 scale,_T,Total,METH2011,Income definition until 2011,D_CUR,Current definition,_Z,Not applicable,1995,,0.243,,A,Normal value,,,,,3,Three,,,,,,
DATAFLOW,OECD.WISE.INE:DSD_WISE_IDD@DF_IDD(1.0),Income distribution database,I,NOR,Norway,A,Annual,INC_DISP_GINI,Gini (disposable income),_Z,Not applicable‚Äã‚Äã,0_TO_1,0-1 scale,_T,Total,METH2011,Income definition until 2011,D_CUR,Current definition,_Z,Not applicable,1986,,0.222,,A,Normal value,,,,,3,Three,,,,,,
DATAFLOW,OECD.WISE.INE:DSD_WISE_IDD@DF_IDD(1.0),Income distribution database,I,DEU,Germany,A,Annual,INC_DISP_GINI,Gini (disposable income),_Z,Not applicable‚Äã‚Äã,0_TO_1,0-1 scale,_T,Total,METH2011,Income definition until 2011,D_CUR,Current definition,_Z,Not applicable,2011,,0.293,,A,Normal value,,,,,3,Three,,,,,,
DATAFLOW,OECD.WISE.INE:DSD_WISE_IDD@DF_IDD(1.0),Income distribution database,I,DEU,Germany,A,Annual,INC_DISP_GINI,Gini (disposable income),_Z,Not applicable‚Äã‚Äã,0_TO_1,0-1 scale,_T,Total,METH2011,Income definition until 2011,D_CUR,Current definition,_Z,Not applicable,2010,,0.286,,A,Normal value,,,,,3,Three,,,,,,
DATAFLOW,OECD.WISE.INE:DSD_WISE_IDD@DF_IDD(1.0),Income distribution database,I,DEU,Germany,A,Annual,INC_DISP_GINI,Gini (disposable income),_Z,Not applicable‚Äã‚Äã,0_TO_1,0-1 scale,_T,Total,METH2011,Income definition until 2011,D_CUR,Current definition,_Z,Not applicable,2009,,0.288,,A,Normal value,,,,,3,Three,,,,,,
DATAFLOW,OECD.WISE.INE:DSD_WISE_IDD@DF_IDD(1.0),Income distribution database,I,DEU,Germany,A,Annual,INC_DISP_GINI,Gini (disposable income),_Z,Not applicable‚Äã‚Äã,0_TO_1,0-1 scale,_T,Total,METH2011,Income definition until 2011,D_CUR,Current definition,_Z,Not applicable,2008,,0.287,,A,Normal value,,,,,3,Three,,,,,,
DATAFLOW,OECD.WISE.INE:DSD_WISE_IDD@DF_IDD(1.0),Income distribution database,I,DEU,Germany,A,Annual,INC_DISP_GINI,Gini (disposable income),_Z,Not applicable‚Äã‚Äã,0_TO_1,0-1 scale,_T,Total,METH2011,Income definition until 2011,D_CUR,Current definition,_Z,Not applicable,2007,,0.295,,A,Normal value,,,,,3,Three,,,,,,
DATAFLOW,OECD.WISE.INE:DSD_WISE_IDD@DF_IDD(1.0),Income distribution database,I,DEU,Germany,A,Annual,INC_DISP_GINI,Gini (disposable income),_Z,Not applicable‚Äã‚Äã,0_TO_1,0-1 scale,_T,Total,METH2011,Income definition until 2011,D_CUR,Current definition,_Z,Not applicable,2006,,0.29,,A,Normal value,,,,,3,Three,,,,,,
DATAFLOW,OECD.WISE.INE:DSD_WISE_IDD@DF_IDD(1.0),Income distribution database,I,DEU,Germany,A,Annual,INC_DISP_GINI,Gini (disposable income),_Z,Not applicable‚Äã‚Äã,0_TO_1,0-1 scale,_T,Total,METH2011,Income definition until 2011,D_CUR,Current definition,_Z,Not applicable,2005,,0.297,,A,Normal value,,,,,3,Three,,,,,,
DATAFLOW,OECD.WISE.INE:DSD_WISE_IDD@DF_IDD(1.0),Income distribution database,I,DEU,Germany,A,Annual,INC_DISP_GINI,Gini (disposable income),_Z,Not applicable‚Äã‚Äã,0_TO_1,0-1 scale,_T,Total,METH2011,Income definition until 2011,D_CUR,Current definition,_Z,Not applicable,2004,,0.285,,A,Normal value,,,,,3,Three,,,,,,
DATAFLOW,OECD.WISE.INE:DSD_WISE_IDD@DF_IDD(1.0),Income distribution database,I,DEU,Germany,A,Annual,INC_DISP_GINI,Gini (disposable income),_Z,Not applicable‚Äã‚Äã,0_TO_1,0-1 scale,_T,Total,METH2011,Income definition until 2011,D_CUR,Current definition,_Z,Not applicable,2003,,0.282,,A,Normal value,,,,,3,Three,,,,,,
DATAFLOW,OECD.WISE.INE:DSD_WISE_IDD@DF_IDD(1.0),Income distribution database,I,DEU,Germany,A,Annual,INC_DISP_GINI,Gini (disposable income),_Z,Not applicable‚Äã‚Äã,0_TO_1,0-1 scale,_T,Total,METH2011,Income definition until 2011,D_CUR,Current definition,_Z,Not applicable,2002,,0.28,,A,Normal value,,,,,3,Three,,,,,,
DATAFLOW,OECD.WISE.INE:DSD_WISE_IDD@DF_IDD(1.0),Income distribution database,I,DEU,Germany,A,Annual,INC_DISP_GINI,Gini (disposable income),_Z,Not applicable‚Äã‚Äã,0_TO_1,0-1 scale,_T,Total,METH2011,Income definition until 2011,D_CUR,Current definition,_Z,Not applicable,2001,,0.27,,A,Normal value,,,,,3,Three,,,,,,
DATAFLOW,OECD.WISE.INE:DSD_WISE_IDD@DF_IDD(1.0),Income distribution database,I,DEU,Germany,A,Annual,INC_DISP_GINI,Gini (disposable income),_Z,Not applicable‚Äã‚Äã,0_TO_1,0-1 scale,_T,Total,METH2011,Income definition until 2011,D_CUR,Current definition,_Z,Not applicable,2000,,0.264,,A,Normal value,,,,,3,Three,,,,,,
DATAFLOW,OECD.WISE.INE:DSD_WISE_IDD@DF_IDD(1.0),Income distribution database,I,DEU,Germany,A,Annual,INC_DISP_GINI,Gini (disposable income),_Z,Not applicable‚Äã‚Äã,0_TO_1,0-1 scale,_T,Total,METH2011,Income definition until 2011,D_CUR,Current definition,_Z,Not applicable,1999,,0.259,,A,Normal value,,,,,3,Three,,,,,,
DATAFLOW,OECD.WISE.INE:DSD_WISE_IDD@DF_IDD(1.0),Income distribution database,I,DEU,Germany,A,Annual,INC_DISP_GINI,Gini (disposable income),_Z,Not applicable‚Äã‚Äã,0_TO_1,0-1 scale,_T,Total,METH2011,Income definition until 2011,D_CUR,Current definition,_Z,Not applicable,1998,,0.259,,A,Normal value,,,,,3,Three,,,,,,
DATAFLOW,OECD.WISE.INE:DSD_WISE_IDD@DF_IDD(1.0),Income distribution database,I,DEU,Germany,A,Annual,INC_DISP_GINI,Gini (disposable income),_Z,Not applicable‚Äã‚Äã,0_TO_1,0-1 scale,_T,Total,METH2011,Income definition until 2011,D_CUR,Current definition,_Z,Not applicable,1997,,0.259,,A,Normal value,,,,,3,Three,,,,,,
DATAFLOW,OECD.WISE.INE:DSD_WISE_IDD@DF_IDD(1.0),Income distribution database,I,DEU,Germany,A,Annual,INC_DISP_GINI,Gini (disposable income),_Z,Not applicable‚Äã‚Äã,0_TO_1,0-1 scale,_T,Total,METH2011,Income definition until 2011,D_CUR,Current definition,_Z,Not applicable,1996,,0.26,,A,Normal value,,,,,3,Three,,,,,,
DATAFLOW,OECD.WISE.INE:DSD_WISE_IDD@DF_IDD(1.0),Income distribution database,I,DEU,Germany,A,Annual,INC_DISP_GINI,Gini (disposable income),_Z,Not applicable‚Äã‚Äã,0_TO_1,0-1 scale,_T,Total,METH2011,Income definition until 2011,D_CUR,Current definition,_Z,Not applicable,1995,,0.266,,A,Normal value,,,,,3,Three,,,,,,
DATAFLOW,OECD.WISE.INE:DSD_WISE_IDD@DF_IDD(1.0),Income distribution database,I,DEU,Germany,A,Annual,INC_DISP_GINI,Gini (disposable income),_Z,Not applicable‚Äã‚Äã,0_TO_1,0-1 scale,_T,Total,METH2011,Income definition until 2011,D_CUR,Current definition,_Z,Not applicable,1994,,0.268,,A,Normal value,,,,,3,Three,,,,,,
DATAFLOW,OECD.WISE.INE:DSD_WISE_IDD@DF_IDD(1.0),Income distribution database,I,DEU,Germany,A,Annual,INC_DISP_GINI,Gini (disposable income),_Z,Not applicable‚Äã‚Äã,0_TO_1,0-1 scale,_T,Total,METH2011,Income definition until 2011,D_CUR,Current definition,_Z,Not applicable,1993,,0.262,,A,Normal value,,,,,3,Three,,,,,,
DATAFLOW,OECD.WISE.INE:DSD_WISE_IDD@DF_IDD(1.0),Income distribution database,I,DEU,Germany,A,Annual,INC_DISP_GINI,Gini (disposable income),_Z,Not applicable‚Äã‚Äã,0_TO_1,0-1 scale,_T,Total,METH2011,Income definition until 2011,D_CUR,Current definition,_Z,Not applicable,1992,,0.263,,A,Normal value,,,,,3,Three,,,,,,
DATAFLOW,OECD.WISE.INE:DSD_WISE_IDD@DF_IDD(1.0),Income distribution database,I,DEU,Germany,A,Annual,INC_DISP_GINI,Gini (disposable income),_Z,Not applicable‚Äã‚Äã,0_TO_1,0-1 scale,_T,Total,METH2011,Income definition until 2011,D_CUR,Current definition,_Z,Not applicable,1990,,0.256,,A,Normal value,,,,,3,Three,,,,,,
DATAFLOW,OECD.WISE.INE:DSD_WISE_IDD@DF_IDD(1.0),Income distribution database,I,DEU,Germany,A,Annual,INC_DISP_GINI,Gini (disposable income),_Z,Not applicable‚Äã‚Äã,0_TO_1,0-1 scale,_T,Total,METH2011,Income definition until 2011,D_CUR,Current definition,_Z,Not applicable,1985,,0.251,,A,Normal value,,,,,3,Three,,,,,,
DATAFLOW,OECD.WISE.INE:DSD_WISE_IDD@DF_IDD(1.0),Income distribution database,I,FRA,France,A,Annual,INC_DISP_GINI,Gini (disposable income),_Z,Not applicable‚Äã‚Äã,0_TO_1,0-1 scale,_T,Total,METH2011,Income definition until 2011,D_CUR,Current definition,_Z,Not applicable,2011,,0.309,,A,Normal value,,,,,3,Three,,,,,,
DATAFLOW,OECD.WISE.INE:DSD_WISE_IDD@DF_IDD(1.0),Income distribution database,I,FRA,France,A,Annual,INC_DISP_GINI,Gini (disposable income),_Z,Not applicable‚Äã‚Äã,0_TO_1,0-1 scale,_T,Total,METH2011,Income definition until 2011,D_CUR,Current definition,_Z,Not applicable,2010,,0.303,,A,Normal value,,,,,3,Three,,,,,,
DATAFLOW,OECD.WISE.INE:DSD_WISE_IDD@DF_IDD(1.0),Income distribution database,I,FRA,France,A,Annual,INC_DISP_GINI,Gini (disposable income),_Z,Not applicable‚Äã‚Äã,0_TO_1,0-1 scale,_T,Total,METH2011,Income definition until 2011,D_CUR,Current definition,_Z,Not applicable,2009,,0.293,,A,Normal value,,,,,3,Three,,,,,,
DATAFLOW,OECD.WISE.INE:DSD_WISE_IDD@DF_IDD(1.0),Income distribution database,I,FRA,France,A,Annual,INC_DISP_GINI,Gini (disposable income),_Z,Not applicable‚Äã‚Äã,0_TO_1,0-1 scale,_T,Total,METH2011,Income definition until 2011,D_CUR,Current definition,_Z,Not applicable,2008,,0.293,,A,Normal value,,,,,3,Three,,,,,,
DATAFLOW,OECD.WISE.INE:DSD_WISE_IDD@DF_IDD(1.0),Income distribution database,I,FRA,France,A,Annual,INC_DISP_GINI,Gini (disposable income),_Z,Not applicable‚Äã‚Äã,0_TO_1,0-1 scale,_T,Total,METH2011,Income definition until 2011,D_CUR,Current definition,_Z,Not applicable,2007,,0.292,,A,Normal value,,,,,3,Three,,,,,,
DATAFLOW,OECD.WISE.INE:DSD_WISE_IDD@DF_IDD(1.0),Income distribution database,I,FRA,France,A,Annual,INC_DISP_GINI,Gini (disposable income),_Z,Not applicable‚Äã‚Äã,0_TO_1,0-1 scale,_T,Total,METH2011,Income definition until 2011,D_CUR,Current definition,_Z,Not applicable,2006,,0.293,,A,Normal value,,,,,3,Three,,,,,,
DATAFLOW,OECD.WISE.INE:DSD_WISE_IDD@DF_IDD(1.0),Income distribution database,I,FRA,France,A,Annual,INC_DISP_GINI,Gini (disposable income),_Z,Not applicable‚Äã‚Äã,0_TO_1,0-1 scale,_T,Total,METH2011,Income definition until 2011,D_CUR,Current definition,_Z,Not applicable,2005,,0.288,,A,Normal value,,,,,3,Three,,,,,,
DATAFLOW,OECD.WISE.INE:DSD_WISE_IDD@DF_IDD(1.0),Income distribution database,I,FRA,France,A,Annual,INC_DISP_GINI,Gini (disposable income),_Z,Not applicable‚Äã‚Äã,0_TO_1,0-1 scale,_T,Total,METH2011,Income definition until 2011,D_CUR,Current definition,_Z,Not applicable,2004,,0.283,,A,Normal value,,,,,3,Three,,,,,,
DATAFLOW,OECD.WISE.INE:DSD_WISE_IDD@DF_IDD(1.0),Income distribution database,I,FRA,France,A,Annual,INC_DISP_GINI,Gini (disposable income),_Z,Not applicable‚Äã‚Äã,0_TO_1,0-1 scale,_T,Total,METH2011,Income definition until 2011,D_CUR,Current definition,_Z,Not applicable,2003,,0.282,,A,Normal value,,,,,3,Three,,,,,,
DATAFLOW,OECD.WISE.INE:DSD_WISE_IDD@DF_IDD(1.0),Income distribution database,I,FRA,France,A,Annual,INC_DISP_GINI,Gini (disposable income),_Z,Not applicable‚Äã‚Äã,0_TO_1,0-1 scale,_T,Total,METH2011,Income definition until 2011,D_CUR,Current definition,_Z,Not applicable,2002,,0.284,,A,Normal value,,,,,3,Three,,,,,,
DATAFLOW,OECD.WISE.INE:DSD_WISE_IDD@DF_IDD(1.0),Income distribution database,I,FRA,France,A,Annual,INC_DISP_GINI,Gini (disposable income),_Z,Not applicable‚Äã‚Äã,0_TO_1,0-1 scale,_T,Total,METH2011,Income definition until 2011,D_CUR,Current definition,_Z,Not applicable,2001,,0.287,,A,Normal value,,,,,3,Three,,,,,,
DATAFLOW,OECD.WISE.INE:DSD_WISE_IDD@DF_IDD(1.0),Income distribution database,I,FRA,France,A,Annual,INC_DISP_GINI,Gini (disposable income),_Z,Not applicable‚Äã‚Äã,0_TO_1,0-1 scale,_T,Total,METH2011,Income definition until 2011,D_CUR,Current definition,_Z,Not applicable,2000,,0.287,,A,Normal value,,,,,3,Three,,,,,,
DATAFLOW,OECD.WISE.INE:DSD_WISE_IDD@DF_IDD(1.0),Income distribution database,I,FRA,France,A,Annual,INC_DISP_GINI,Gini (disposable income),_Z,Not applicable‚Äã‚Äã,0_TO_1,0-1 scale,_T,Total,METH2011,Income definition until 2011,D_CUR,Current definition,_Z,Not applicable,1999,,0.284,,A,Normal value,,,,,3,Three,,,,,,
DATAFLOW,OECD.WISE.INE:DSD_WISE_IDD@DF_IDD(1.0),Income distribution database,I,FRA,France,A,Annual,INC_DISP_GINI,Gini (disposable income),_Z,Not applicable‚Äã‚Äã,0_TO_1,0-1 scale,_T,Total,METH2011,Income definition until 2011,D_CUR,Current definition,_Z,Not applicable,1998,,0.276,,A,Normal value,,,,,3,Three,,,,,,
DATAFLOW,OECD.WISE.INE:DSD_WISE_IDD@DF_IDD(1.0),Income distribution database,I,FRA,France,A,Annual,INC_DISP_GINI,Gini (disposable income),_Z,Not applicable‚Äã‚Äã,0_TO_1,0-1 scale,_T,Total,METH2011,Income definition until 2011,D_CUR,Current definition,_Z,Not applicable,1997,,0.278,,A,Normal value,,,,,3,Three,,,,,,
DATAFLOW,OECD.WISE.INE:DSD_WISE_IDD@DF_IDD(1.0),Income distribution database,I,FRA,France,A,Annual,INC_DISP_GINI,Gini (disposable income),_Z,Not applicable‚Äã‚Äã,0_TO_1,0-1 scale,_T,Total,METH2011,Income definition until 2011,D_CUR,Current definition,_Z,Not applicable,1996,,0.277,,A,Normal value,,,,,3,Three,,,,,,
DATAFLOW,OECD.WISE.INE:DSD_WISE_IDD@DF_IDD(1.0),Income distribution database,I,DNK,Denmark,A,Annual,INC_DISP_GINI,Gini (disposable income),_Z,Not applicable‚Äã‚Äã,0_TO_1,0-1 scale,_T,Total,METH2011,Income definition until 2011,D_CUR,Current definition,_Z,Not applicable,2011,,0.253,,A,Normal value,,,,,3,Three,,,,,,
DATAFLOW,OECD.WISE.INE:DSD_WISE_IDD@DF_IDD(1.0),Income distribution database,I,DNK,Denmark,A,Annual,INC_DISP_GINI,Gini (disposable income),_Z,Not applicable‚Äã‚Äã,0_TO_1,0-1 scale,_T,Total,METH2011,Income definition until 2011,D_CUR,Current definition,_Z,Not applicable,2010,,0.252,,A,Normal value,,,,,3,Three,,,,,,
DATAFLOW,OECD.WISE.INE:DSD_WISE_IDD@DF_IDD(1.0),Income distribution database,I,DNK,Denmark,A,Annual,INC_DISP_GINI,Gini (disposable income),_Z,Not applicable‚Äã‚Äã,0_TO_1,0-1 scale,_T,Total,METH2011,Income definition until 2011,D_CUR,Current definition,_Z,Not applicable,2009,,0.238,,A,Normal value,,,,,3,Three,,,,,,
DATAFLOW,OECD.WISE.INE:DSD_WISE_IDD@DF_IDD(1.0),Income distribution database,I,DNK,Denmark,A,Annual,INC_DISP_GINI,Gini (disposable income),_Z,Not applicable‚Äã‚Äã,0_TO_1,0-1 scale,_T,Total,METH2011,Income definition until 2011,D_CUR,Current definition,_Z,Not applicable,2008,,0.242,,A,Normal value,,,,,3,Three,,,,,,
DATAFLOW,OECD.WISE.INE:DSD_WISE_IDD@DF_IDD(1.0),Income distribution database,I,DNK,Denmark,A,Annual,INC_DISP_GINI,Gini (disposable income),_Z,Not applicable‚Äã‚Äã,0_TO_1,0-1 scale,_T,Total,METH2011,Income definition until 2011,D_CUR,Current definition,_Z,Not applicable,2007,,0.246,,A,Normal value,,,,,3,Three,,,,,,
DATAFLOW,OECD.WISE.INE:DSD_WISE_IDD@DF_IDD(1.0),Income distribution database,I,DNK,Denmark,A,Annual,INC_DISP_GINI,Gini (disposable income),_Z,Not applicable‚Äã‚Äã,0_TO_1,0-1 scale,_T,Total,METH2011,Income definition until 2011,D_CUR,Current definition,_Z,Not applicable,2006,,0.239,,A,Normal value,,,,,3,Three,,,,,,
DATAFLOW,OECD.WISE.INE:DSD_WISE_IDD@DF_IDD(1.0),Income distribution database,I,DNK,Denmark,A,Annual,INC_DISP_GINI,Gini (disposable income),_Z,Not applicable‚Äã‚Äã,0_TO_1,0-1 scale,_T,Total,METH2011,Income definition until 2011,D_CUR,Current definition,_Z,Not applicable,2005,,0.232,,A,Normal value,,,,,3,Three,,,,,,
DATAFLOW,OECD.WISE.INE:DSD_WISE_IDD@DF_IDD(1.0),Income distribution database,I,DNK,Denmark,A,Annual,INC_DISP_GINI,Gini (disposable income),_Z,Not applicable‚Äã‚Äã,0_TO_1,0-1 scale,_T,Total,METH2011,Income definition until 2011,D_CUR,Current definition,_Z,Not applicable,2000,,0.227,,A,Normal value,,,,,3,Three,,,,,,
DATAFLOW,OECD.WISE.INE:DSD_WISE_IDD@DF_IDD(1.0),Income distribution database,I,DNK,Denmark,A,Annual,INC_DISP_GINI,Gini (disposable income),_Z,Not applicable‚Äã‚Äã,0_TO_1,0-1 scale,_T,Total,METH2011,Income definition until 2011,D_CUR,Current definition,_Z,Not applicable,1999,,0.228,,A,Normal value,,,,,3,Three,,,,,,
DATAFLOW,OECD.WISE.INE:DSD_WISE_IDD@DF_IDD(1.0),Income distribution database,I,DNK,Denmark,A,Annual,INC_DISP_GINI,Gini (disposable income),_Z,Not applicable‚Äã‚Äã,0_TO_1,0-1 scale,_T,Total,METH2011,Income definition until 2011,D_CUR,Current definition,_Z,Not applicable,1998,,0.224,,A,Normal value,,,,,3,Three,,,,,,
DATAFLOW,OECD.WISE.INE:DSD_WISE_IDD@DF_IDD(1.0),Income distribution database,I,DNK,Denmark,A,Annual,INC_DISP_GINI,Gini (disposable income),_Z,Not applicable‚Äã‚Äã,0_TO_1,0-1 scale,_T,Total,METH2011,Income definition until 2011,D_CUR,Current definition,_Z,Not applicable,1997,,0.224,,A,Normal value,,,,,3,Three,,,,,,
DATAFLOW,OECD.WISE.INE:DSD_WISE_IDD@DF_IDD(1.0),Income distribution database,I,DNK,Denmark,A,Annual,INC_DISP_GINI,Gini (disposable income),_Z,Not applicable‚Äã‚Äã,0_TO_1,0-1 scale,_T,Total,METH2011,Income definition until 2011,D_CUR,Current definition,_Z,Not applicable,1996,,0.216,,A,Normal value,,,,,3,Three,,,,,,
DATAFLOW,OECD.WISE.INE:DSD_WISE_IDD@DF_IDD(1.0),Income distribution database,I,DNK,Denmark,A,Annual,INC_DISP_GINI,Gini (disposable income),_Z,Not applicable‚Äã‚Äã,0_TO_1,0-1 scale,_T,Total,METH2011,Income definition until 2011,D_CUR,Current definition,_Z,Not applicable,1995,,0.215,,A,Normal value,,,,,3,Three,,,,,,
DATAFLOW,OECD.WISE.INE:DSD_WISE_IDD@DF_IDD(1.0),Income distribution database,I,DNK,Denmark,A,Annual,INC_DISP_GINI,Gini (disposable income),_Z,Not applicable‚Äã‚Äã,0_TO_1,0-1 scale,_T,Total,METH2011,Income definition until 2011,D_CUR,Current definition,_Z,Not applicable,1994,,0.216,,A,Normal value,,,,,3,Three,,,,,,
DATAFLOW,OECD.WISE.INE:DSD_WISE_IDD@DF_IDD(1.0),Income distribution database,I,DNK,Denmark,A,Annual,INC_DISP_GINI,Gini (disposable income),_Z,Not applicable‚Äã‚Äã,0_TO_1,0-1 scale,_T,Total,METH2011,Income definition until 2011,D_CUR,Current definition,_Z,Not applicable,1993,,0.223,,A,Normal value,,,,,3,Three,,,,,,
DATAFLOW,OECD.WISE.INE:DSD_WISE_IDD@DF_IDD(1.0),Income distribution database,I,DNK,Denmark,A,Annual,INC_DISP_GINI,Gini (disposable income),_Z,Not applicable‚Äã‚Äã,0_TO_1,0-1 scale,_T,Total,METH2011,Income definition until 2011,D_CUR,Current definition,_Z,Not applicable,1992,,0.222,,A,Normal value,,,,,3,Three,,,,,,
DATAFLOW,OECD.WISE.INE:DSD_WISE_IDD@DF_IDD(1.0),Income distribution database,I,DNK,Denmark,A,Annual,INC_DISP_GINI,Gini (disposable income),_Z,Not applicable‚Äã‚Äã,0_TO_1,0-1 scale,_T,Total,METH2011,Income definition until 2011,D_CUR,Current definition,_Z,Not applicable,1991,,0.222,,A,Normal value,,,,,3,Three,,,,,,
DATAFLOW,OECD.WISE.INE:DSD_WISE_IDD@DF_IDD(1.0),Income distribution database,I,DNK,Denmark,A,Annual,INC_DISP_GINI,Gini (disposable income),_Z,Not applicable‚Äã‚Äã,0_TO_1,0-1 scale,_T,Total,METH2011,Income definition until 2011,D_CUR,Current definition,_Z,Not applicable,1990,,0.226,,A,Normal value,,,,,3,Three,,,,,,
DATAFLOW,OECD.WISE.INE:DSD_WISE_IDD@DF_IDD(1.0),Income distribution database,I,DNK,Denmark,A,Annual,INC_DISP_GINI,Gini (disposable income),_Z,Not applicable‚Äã‚Äã,0_TO_1,0-1 scale,_T,Total,METH2011,Income definition until 2011,D_CUR,Current definition,_Z,Not applicable,1989,,0.22,,A,Normal value,,,,,3,Three,,,,,,
DATAFLOW,OECD.WISE.INE:DSD_WISE_IDD@DF_IDD(1.0),Income distribution database,I,DNK,Denmark,A,Annual,INC_DISP_GINI,Gini (disposable income),_Z,Not applicable‚Äã‚Äã,0_TO_1,0-1 scale,_T,Total,METH2011,Income definition until 2011,D_CUR,Current definition,_Z,Not applicable,1988,,0.224,,A,Normal value,,,,,3,Three,,,,,,
DATAFLOW,OECD.WISE.INE:DSD_WISE_IDD@DF_IDD(1.0),Income distribution database,I,DNK,Denmark,A,Annual,INC_DISP_GINI,Gini (disposable income),_Z,Not applicable‚Äã‚Äã,0_TO_1,0-1 scale,_T,Total,METH2011,Income definition until 2011,D_CUR,Current definition,_Z,Not applicable,1987,,0.225,,A,Normal value,,,,,3,Three,,,,,,
DATAFLOW,OECD.WISE.INE:DSD_WISE_IDD@DF_IDD(1.0),Income distribution database,I,DNK,Denmark,A,Annual,INC_DISP_GINI,Gini (disposable income),_Z,Not applicable‚Äã‚Äã,0_TO_1,0-1 scale,_T,Total,METH2011,Income definition until 2011,D_CUR,Current definition,_Z,Not applicable,1986,,0.224,,A,Normal value,,,,,3,Three,,,,,,
DATAFLOW,OECD.WISE.INE:DSD_WISE_IDD@DF_IDD(1.0),Income distribution database,I,DNK,Denmark,A,Annual,INC_DISP_GINI,Gini (disposable income),_Z,Not applicable‚Äã‚Äã,0_TO_1,0-1 scale,_T,Total,METH2011,Income definition until 2011,D_CUR,Current definition,_Z,Not applicable,1985,,0.221,,A,Normal value,,,,,3,Three,,,,,,
DATAFLOW,OECD.WISE.INE:DSD_WISE_IDD@DF_IDD(1.0),Income distribution database,I,AUS,Australia,A,Annual,INC_DISP_GINI,Gini (disposable income),_Z,Not applicable‚Äã‚Äã,0_TO_1,0-1 scale,_T,Total,METH2011,Income definition until 2011,D_CUR,Current definition,_Z,Not applicable,2012,,0.324,,A,Normal value,,,,,3,Three,,,,,,
DATAFLOW,OECD.WISE.INE:DSD_WISE_IDD@DF_IDD(1.0),Income distribution database,I,AUS,Australia,A,Annual,INC_DISP_GINI,Gini (disposable income),_Z,Not applicable‚Äã‚Äã,0_TO_1,0-1 scale,_T,Total,METH2011,Income definition until 2011,D_CUR,Current definition,_Z,Not applicable,2010,,0.334,,A,Normal value,,,,,3,Three,,,,,,
DATAFLOW,OECD.WISE.INE:DSD_WISE_IDD@DF_IDD(1.0),Income distribution database,I,AUS,Australia,A,Annual,INC_DISP_GINI,Gini (disposable income),_Z,Not applicable‚Äã‚Äã,0_TO_1,0-1 scale,_T,Total,METH2011,Income definition until 2011,D_CUR,Current definition,_Z,Not applicable,2008,,0.336,,A,Normal value,,,,,3,Three,,,,,,
DATAFLOW,OECD.WISE.INE:DSD_WISE_IDD@DF_IDD(1.0),Income distribution database,I,AUS,Australia,A,Annual,INC_DISP_GINI,Gini (disposable income),_Z,Not applicable‚Äã‚Äã,0_TO_1,0-1 scale,_T,Total,METH2011,Income definition until 2011,D_CUR,Current definition,_Z,Not applicable,2004,,0.315,,A,Normal value,,,,,3,Three,,,,,,
DATAFLOW,OECD.WISE.INE:DSD_WISE_IDD@DF_IDD(1.0),Income distribution database,I,AUS,Australia,A,Annual,INC_DISP_GINI,Gini (disposable income),_Z,Not applicable‚Äã‚Äã,0_TO_1,0-1 scale,_T,Total,METH2011,Income definition until 2011,D_CUR,Current definition,_Z,Not applicable,2000,,0.317,,A,Normal value,,,,,3,Three,,,,,,
DATAFLOW,OECD.WISE.INE:DSD_WISE_IDD@DF_IDD(1.0),Income distribution database,I,AUS,Australia,A,Annual,INC_DISP_GINI,Gini (disposable income),_Z,Not applicable‚Äã‚Äã,0_TO_1,0-1 scale,_T,Total,METH2011,Income definition until 2011,D_CUR,Current definition,_Z,Not applicable,1995,,0.309,,A,Normal value,,,,,3,Three,,,,,,
DATAFLOW,OECD.WISE.INE:DSD_WISE_IDD@DF_IDD(1.0),Income distribution database,I,GBR,United Kingdom,A,Annual,INC_DISP_GINI,Gini (disposable income),_Z,Not applicable‚Äã‚Äã,0_TO_1,0-1 scale,_T,Total,METH2012,Income definition since 2012,D_CUR,Current definition,_Z,Not applicable,2020,,0.355,,A,Normal value,,,,,3,Three,,,,,,
DATAFLOW,OECD.WISE.INE:DSD_WISE_IDD@DF_IDD(1.0),Income distribution database,I,GBR,United Kingdom,A,Annual,INC_DISP_GINI,Gini (disposable income),_Z,Not applicable‚Äã‚Äã,0_TO_1,0-1 scale,_T,Total,METH2012,Income definition since 2012,D_CUR,Current definition,_Z,Not applicable,2019,,0.366,,A,Normal value,,,,,3,Three,,,,,,
DATAFLOW,OECD.WISE.INE:DSD_WISE_IDD@DF_IDD(1.0),Income distribution database,I,GBR,United Kingdom,A,Annual,INC_DISP_GINI,Gini (disposable income),_Z,Not applicable‚Äã‚Äã,0_TO_1,0-1 scale,_T,Total,METH2012,Income definition since 2012,D_CUR,Current definition,_Z,Not applicable,2018,,0.366,,A,Normal value,,,,,3,Three,,,,,,
DATAFLOW,OECD.WISE.INE:DSD_WISE_IDD@DF_IDD(1.0),Income distribution database,I,GBR,United Kingdom,A,Annual,INC_DISP_GINI,Gini (disposable income),_Z,Not applicable‚Äã‚Äã,0_TO_1,0-1 scale,_T,Total,METH2012,Income definition since 2012,D_CUR,Current definition,_Z,Not applicable,2017,,0.357,,A,Normal value,,,,,3,Three,,,,,,
DATAFLOW,OECD.WISE.INE:DSD_WISE_IDD@DF_IDD(1.0),Income distribution database,I,GBR,United Kingdom,A,Annual,INC_DISP_GINI,Gini (disposable income),_Z,Not applicable‚Äã‚Äã,0_TO_1,0-1 scale,_T,Total,METH2012,Income definition since 2012,D_CUR,Current definition,_Z,Not applicable,2016,,0.351,,A,Normal value,,,,,3,Three,,,,,,
DATAFLOW,OECD.WISE.INE:DSD_WISE_IDD@DF_IDD(1.0),Income distribution database,I,GBR,United Kingdom,A,Annual,INC_DISP_GINI,Gini (disposable income),_Z,Not applicable‚Äã‚Äã,0_TO_1,0-1 scale,_T,Total,METH2012,Income definition since 2012,D_CUR,Current definition,_Z,Not applicable,2013,,0.358,,A,Normal value,,,,,3,Three,,,,,,
DATAFLOW,OECD.WISE.INE:DSD_WISE_IDD@DF_IDD(1.0),Income distribution database,I,SWE,Sweden,A,Annual,INC_DISP_GINI,Gini (disposable income),_Z,Not applicable‚Äã‚Äã,0_TO_1,0-1 scale,_T,Total,METH2012,Income definition since 2012,D_CUR,Current definition,_Z,Not applicable,2021,,0.286,,A,Normal value,,,,,3,Three,,,,,,
DATAFLOW,OECD.WISE.INE:DSD_WISE_IDD@DF_IDD(1.0),Income distribution database,I,SWE,Sweden,A,Annual,INC_DISP_GINI,Gini (disposable income),_Z,Not applicable‚Äã‚Äã,0_TO_1,0-1 scale,_T,Total,METH2012,Income definition since 2012,D_CUR,Current definition,_Z,Not applicable,2020,,0.276,,A,Normal value,,,,,3,Three,,,,,,
DATAFLOW,OECD.WISE.INE:DSD_WISE_IDD@DF_IDD(1.0),Income distribution database,I,SWE,Sweden,A,Annual,INC_DISP_GINI,Gini (disposable income),_Z,Not applicable‚Äã‚Äã,0_TO_1,0-1 scale,_T,Total,METH2012,Income definition since 2012,D_CUR,Current definition,_Z,Not applicable,2019,,0.277,,A,Normal value,,,,,3,Three,,,,,,
DATAFLOW,OECD.WISE.INE:DSD_WISE_IDD@DF_IDD(1.0),Income distribution database,I,SWE,Sweden,A,Annual,INC_DISP_GINI,Gini (disposable income),_Z,Not applicable‚Äã‚Äã,0_TO_1,0-1 scale,_T,Total,METH2012,Income definition since 2012,D_CUR,Current definition,_Z,Not applicable,2018,,0.273,,A,Normal value,,,,,3,Three,,,,,,
DATAFLOW,OECD.WISE.INE:DSD_WISE_IDD@DF_IDD(1.0),Income distribution database,I,SWE,Sweden,A,Annual,INC_DISP_GINI,Gini (disposable income),_Z,Not applicable‚Äã‚Äã,0_TO_1,0-1 scale,_T,Total,METH2012,Income definition since 2012,D_CUR,Current definition,_Z,Not applicable,2016,,0.28,,A,Normal value,,,,,3,Three,,,,,,
DATAFLOW,OECD.WISE.INE:DSD_WISE_IDD@DF_IDD(1.0),Income distribution database,I,SWE,Sweden,A,Annual,INC_DISP_GINI,Gini (disposable income),_Z,Not applicable‚Äã‚Äã,0_TO_1,0-1 scale,_T,Total,METH2012,Income definition since 2012,D_CUR,Current definition,_Z,Not applicable,2015,,0.276,,A,Normal value,,,,,3,Three,,,,,,
DATAFLOW,OECD.WISE.INE:DSD_WISE_IDD@DF_IDD(1.0),Income distribution database,I,SWE,Sweden,A,Annual,INC_DISP_GINI,Gini (disposable income),_Z,Not applicable‚Äã‚Äã,0_TO_1,0-1 scale,_T,Total,METH2012,Income definition since 2012,D_CUR,Current definition,_Z,Not applicable,2014,,0.272,,A,Normal value,,,,,3,Three,,,,,,
DATAFLOW,OECD.WISE.INE:DSD_WISE_IDD@DF_IDD(1.0),Income distribution database,I,SWE,Sweden,A,Annual,INC_DISP_GINI,Gini (disposable income),_Z,Not applicable‚Äã‚Äã,0_TO_1,0-1 scale,_T,Total,METH2012,Income definition since 2012,D_CUR,Current definition,_Z,Not applicable,2013,,0.267,,A,Normal value,,,,,3,Three,,,,,,
DATAFLOW,OECD.WISE.INE:DSD_WISE_IDD@DF_IDD(1.0),Income distribution database,I,NOR,Norway,A,Annual,INC_DISP_GINI,Gini (disposable income),_Z,Not applicable‚Äã‚Äã,0_TO_1,0-1 scale,_T,Total,METH2012,Income definition since 2012,D_CUR,Current definition,_Z,Not applicable,2020,,0.263,,A,Normal value,,,,,3,Three,,,,,,
DATAFLOW,OECD.WISE.INE:DSD_WISE_IDD@DF_IDD(1.0),Income distribution database,I,NOR,Norway,A,Annual,INC_DISP_GINI,Gini (disposable income),_Z,Not applicable‚Äã‚Äã,0_TO_1,0-1 scale,_T,Total,METH2012,Income definition since 2012,D_CUR,Current definition,_Z,Not applicable,2014,,0.257,,A,Normal value,,,,,3,Three,,,,,,
DATAFLOW,OECD.WISE.INE:DSD_WISE_IDD@DF_IDD(1.0),Income distribution database,I,NOR,Norway,A,Annual,INC_DISP_GINI,Gini (disposable income),_Z,Not applicable‚Äã‚Äã,0_TO_1,0-1 scale,_T,Total,METH2012,Income definition since 2012,D_CUR,Current definition,_Z,Not applicable,2013,,0.252,,A,Normal value,,,,,3,Three,,,,,,
DATAFLOW,OECD.WISE.INE:DSD_WISE_IDD@DF_IDD(1.0),Income distribution database,I,NOR,Norway,A,Annual,INC_DISP_GINI,Gini (disposable income),_Z,Not applicable‚Äã‚Äã,0_TO_1,0-1 scale,_T,Total,METH2012,Income definition since 2012,D_CUR,Current definition,_Z,Not applicable,2008,,0.25,,A,Normal value,,,,,3,Three,,,,,,
DATAFLOW,OECD.WISE.INE:DSD_WISE_IDD@DF_IDD(1.0),Income distribution database,I,FRA,France,A,Annual,INC_DISP_GINI,Gini (disposable income),_Z,Not applicable‚Äã‚Äã,0_TO_1,0-1 scale,_T,Total,METH2012,Income definition since 2012,D_CUR,Current definition,_Z,Not applicable,2021,,0.298,,A,Normal value,,,,,3,Three,,,,,,
DATAFLOW,OECD.WISE.INE:DSD_WISE_IDD@DF_IDD(1.0),Income distribution database,I,FRA,France,A,Annual,INC_DISP_GINI,Gini (disposable income),_Z,Not applicable‚Äã‚Äã,0_TO_1,0-1 scale,_T,Total,METH2012,Income definition since 2012,D_CUR,Current definition,_Z,Not applicable,2020,,0.278,,A,Normal value,,,,,3,Three,,,,,,
DATAFLOW,OECD.WISE.INE:DSD_WISE_IDD@DF_IDD(1.0),Income distribution database,I,DNK,Denmark,A,Annual,INC_DISP_GINI,Gini (disposable income),_Z,Not applicable‚Äã‚Äã,0_TO_1,0-1 scale,_T,Total,METH2012,Income definition since 2012,D_CUR,Current definition,_Z,Not applicable,2017,,0.264,,A,Normal value,,,,,3,Three,,,,,,
DATAFLOW,OECD.WISE.INE:DSD_WISE_IDD@DF_IDD(1.0),Income distribution database,I,AUS,Australia,A,Annual,INC_DISP_GINI,Gini (disposable income),_Z,Not applicable‚Äã‚Äã,0_TO_1,0-1 scale,_T,Total,METH2012,Income definition since 2012,D_CUR,Current definition,_Z,Not applicable,2018,,0.325,,A,Normal value,,,,,3,Three,,,,,,
DATAFLOW,OECD.WISE.INE:DSD_WISE_IDD@DF_IDD(1.0),Income distribution database,I,AUS,Australia,A,Annual,INC_DISP_GINI,Gini (disposable income),_Z,Not applicable‚Äã‚Äã,0_TO_1,0-1 scale,_T,Total,METH2012,Income definition since 2012,D_CUR,Current definition,_Z,Not applicable,2016,,0.33,,A,Normal value,,,,,3,Three,,,,,,
DATAFLOW,OECD.WISE.INE:DSD_WISE_IDD@DF_IDD(1.0),Income distribution database,I,AUS,Australia,A,Annual,INC_DISP_GINI,Gini (disposable income),_Z,Not applicable‚Äã‚Äã,0_TO_1,0-1 scale,_T,Total,METH2012,Income definition since 2012,D_CUR,Current definition,_Z,Not applicable,2014,,0.337,,A,Normal value,,,,,3,Three,,,,,,
DATAFLOW,OECD.WISE.INE:DSD_WISE_IDD@DF_IDD(1.0),Income distribution database,I,CAN,Canada,A,Annual,INC_DISP_GINI,Gini (disposable income),_Z,Not applicable‚Äã‚Äã,0_TO_1,0-1 scale,_T,Total,METH2012,Income definition since 2012,D_CUR,Current definition,_Z,Not applicable,2021,,0.292,,A,Normal value,,,,,3,Three,,,,,,
DATAFLOW,OECD.WISE.INE:DSD_WISE_IDD@DF_IDD(1.0),Income distribution database,I,CAN,Canada,A,Annual,INC_DISP_GINI,Gini (disposable income),_Z,Not applicable‚Äã‚Äã,0_TO_1,0-1 scale,_T,Total,METH2012,Income definition since 2012,D_CUR,Current definition,_Z,Not applicable,2020,,0.28,,A,Normal value,,,,,3,Three,,,,,,
DATAFLOW,OECD.WISE.INE:DSD_WISE_IDD@DF_IDD(1.0),Income distribution database,I,CAN,Canada,A,Annual,INC_DISP_GINI,Gini (disposable income),_Z,Not applicable‚Äã‚Äã,0_TO_1,0-1 scale,_T,Total,METH2012,Income definition since 2012,D_CUR,Current definition,_Z,Not applicable,2019,,0.3,,A,Normal value,,,,,3,Three,,,,,,
DATAFLOW,OECD.WISE.INE:DSD_WISE_IDD@DF_IDD(1.0),Income distribution database,I,CAN,Canada,A,Annual,INC_DISP_GINI,Gini (disposable income),_Z,Not applicable‚Äã‚Äã,0_TO_1,0-1 scale,_T,Total,METH2012,Income definition since 2012,D_CUR,Current definition,_Z,Not applicable,2018,,0.304,,A,Normal value,,,,,3,Three,,,,,,
DATAFLOW,OECD.WISE.INE:DSD_WISE_IDD@DF_IDD(1.0),Income distribution database,I,CAN,Canada,A,Annual,INC_DISP_GINI,Gini (disposable income),_Z,Not applicable‚Äã‚Äã,0_TO_1,0-1 scale,_T,Total,METH2012,Income definition since 2012,D_CUR,Current definition,_Z,Not applicable,2017,,0.31,,A,Normal value,,,,,3,Three,,,,,,
DATAFLOW,OECD.WISE.INE:DSD_WISE_IDD@DF_IDD(1.0),Income distribution database,I,CAN,Canada,A,Annual,INC_DISP_GINI,Gini (disposable income),_Z,Not applicable‚Äã‚Äã,0_TO_1,0-1 scale,_T,Total,METH2012,Income definition since 2012,D_CUR,Current definition,_Z,Not applicable,2016,,0.307,,A,Normal value,,,,,3,Three,,,,,,
DATAFLOW,OECD.WISE.INE:DSD_WISE_IDD@DF_IDD(1.0),Income distribution database,I,CAN,Canada,A,Annual,INC_DISP_GINI,Gini (disposable income),_Z,Not applicable‚Äã‚Äã,0_TO_1,0-1 scale,_T,Total,METH2012,Income definition since 2012,D_CUR,Current definition,_Z,Not applicable,2015,,0.318,,A,Normal value,,,,,3,Three,,,,,,
DATAFLOW,OECD.WISE.INE:DSD_WISE_IDD@DF_IDD(1.0),Income distribution database,I,CAN,Canada,A,Annual,INC_DISP_GINI,Gini (disposable income),_Z,Not applicable‚Äã‚Äã,0_TO_1,0-1 scale,_T,Total,METH2012,Income definition since 2012,D_CUR,Current definition,_Z,Not applicable,2014,,0.312,,A,Normal value,,,,,3,Three,,,,,,
DATAFLOW,OECD.WISE.INE:DSD_WISE_IDD@DF_IDD(1.0),Income distribution database,I,CAN,Canada,A,Annual,INC_DISP_GINI,Gini (disposable income),_Z,Not applicable‚Äã‚Äã,0_TO_1,0-1 scale,_T,Total,METH2012,Income definition since 2012,D_CUR,Current definition,_Z,Not applicable,2013,,0.319,,A,Normal value,,,,,3,Three,,,,,,
DATAFLOW,OECD.WISE.INE:DSD_WISE_IDD@DF_IDD(1.0),Income distribution database,I,CAN,Canada,A,Annual,INC_DISP_GINI,Gini (disposable income),_Z,Not applicable‚Äã‚Äã,0_TO_1,0-1 scale,_T,Total,METH2012,Income definition since 2012,D_CUR,Current definition,_Z,Not applicable,2012,,0.317,,A,Normal value,,,,,3,Three,,,,,,
DATAFLOW,OECD.WISE.INE:DSD_WISE_IDD@DF_IDD(1.0),Income distribution database,I,CAN,Canada,A,Annual,INC_DISP_GINI,Gini (disposable income),_Z,Not applicable‚Äã‚Äã,0_TO_1,0-1 scale,_T,Total,METH2011,Income definition until 2011,D_CUR,Current definition,_Z,Not applicable,2011,,0.316,,A,Normal value,,,,,3,Three,,,,,,
DATAFLOW,OECD.WISE.INE:DSD_WISE_IDD@DF_IDD(1.0),Income distribution database,I,CAN,Canada,A,Annual,INC_DISP_GINI,Gini (disposable income),_Z,Not applicable‚Äã‚Äã,0_TO_1,0-1 scale,_T,Total,METH2012,Income definition since 2012,D_CUR,Current definition,_Z,Not applicable,2011,,0.313,,A,Normal value,,,,,3,Three,,,,,,
DATAFLOW,OECD.WISE.INE:DSD_WISE_IDD@DF_IDD(1.0),Income distribution database,I,CAN,Canada,A,Annual,INC_DISP_GINI,Gini (disposable income),_Z,Not applicable‚Äã‚Äã,0_TO_1,0-1 scale,_T,Total,METH2012,Income definition since 2012,D_CUR,Current definition,_Z,Not applicable,2010,,0.316,,A,Normal value,,,,,3,Three,,,,,,
DATAFLOW,OECD.WISE.INE:DSD_WISE_IDD@DF_IDD(1.0),Income distribution database,I,CAN,Canada,A,Annual,INC_DISP_GINI,Gini (disposable income),_Z,Not applicable‚Äã‚Äã,0_TO_1,0-1 scale,_T,Total,METH2011,Income definition until 2011,D_CUR,Current definition,_Z,Not applicable,2010,,0.319,,A,Normal value,,,,,3,Three,,,,,,
DATAFLOW,OECD.WISE.INE:DSD_WISE_IDD@DF_IDD(1.0),Income distribution database,I,CAN,Canada,A,Annual,INC_DISP_GINI,Gini (disposable income),_Z,Not applicable‚Äã‚Äã,0_TO_1,0-1 scale,_T,Total,METH2011,Income definition until 2011,D_CUR,Current definition,_Z,Not applicable,2009,,0.32,,A,Normal value,,,,,3,Three,,,,,,
DATAFLOW,OECD.WISE.INE:DSD_WISE_IDD@DF_IDD(1.0),Income distribution database,I,CAN,Canada,A,Annual,INC_DISP_GINI,Gini (disposable income),_Z,Not applicable‚Äã‚Äã,0_TO_1,0-1 scale,_T,Total,METH2012,Income definition since 2012,D_CUR,Current definition,_Z,Not applicable,2009,,0.316,,A,Normal value,,,,,3,Three,,,,,,
DATAFLOW,OECD.WISE.INE:DSD_WISE_IDD@DF_IDD(1.0),Income distribution database,I,CAN,Canada,A,Annual,INC_DISP_GINI,Gini (disposable income),_Z,Not applicable‚Äã‚Äã,0_TO_1,0-1 scale,_T,Total,METH2012,Income definition since 2012,D_CUR,Current definition,_Z,Not applicable,2008,,0.315,,A,Normal value,,,,,3,Three,,,,,,
DATAFLOW,OECD.WISE.INE:DSD_WISE_IDD@DF_IDD(1.0),Income distribution database,I,CAN,Canada,A,Annual,INC_DISP_GINI,Gini (disposable income),_Z,Not applicable‚Äã‚Äã,0_TO_1,0-1 scale,_T,Total,METH2011,Income definition until 2011,D_CUR,Current definition,_Z,Not applicable,2008,,0.321,,A,Normal value,,,,,3,Three,,,,,,
DATAFLOW,OECD.WISE.INE:DSD_WISE_IDD@DF_IDD(1.0),Income distribution database,I,CAN,Canada,A,Annual,INC_DISP_GINI,Gini (disposable income),_Z,Not applicable‚Äã‚Äã,0_TO_1,0-1 scale,_T,Total,METH2011,Income definition until 2011,D_CUR,Current definition,_Z,Not applicable,2007,,0.318,,A,Normal value,,,,,3,Three,,,,,,
DATAFLOW,OECD.WISE.INE:DSD_WISE_IDD@DF_IDD(1.0),Income distribution database,I,CAN,Canada,A,Annual,INC_DISP_GINI,Gini (disposable income),_Z,Not applicable‚Äã‚Äã,0_TO_1,0-1 scale,_T,Total,METH2012,Income definition since 2012,D_CUR,Current definition,_Z,Not applicable,2007,,0.317,,A,Normal value,,,,,3,Three,,,,,,
DATAFLOW,OECD.WISE.INE:DSD_WISE_IDD@DF_IDD(1.0),Income distribution database,I,CAN,Canada,A,Annual,INC_DISP_GINI,Gini (disposable income),_Z,Not applicable‚Äã‚Äã,0_TO_1,0-1 scale,_T,Total,METH2012,Income definition since 2012,D_CUR,Current definition,_Z,Not applicable,2006,,0.316,,A,Normal value,,,,,3,Three,,,,,,
DATAFLOW,OECD.WISE.INE:DSD_WISE_IDD@DF_IDD(1.0),Income distribution database,I,CAN,Canada,A,Annual,INC_DISP_GINI,Gini (disposable income),_Z,Not applicable‚Äã‚Äã,0_TO_1,0-1 scale,_T,Total,METH2011,Income definition until 2011,D_CUR,Current definition,_Z,Not applicable,2006,,0.317,,A,Normal value,,,,,3,Three,,,,,,
DATAFLOW,OECD.WISE.INE:DSD_WISE_IDD@DF_IDD(1.0),Income distribution database,I,CAN,Canada,A,Annual,INC_DISP_GINI,Gini (disposable income),_Z,Not applicable‚Äã‚Äã,0_TO_1,0-1 scale,_T,Total,METH2011,Income definition until 2011,D_CUR,Current definition,_Z,Not applicable,2005,,0.317,,A,Normal value,,,,,3,Three,,,,,,
DATAFLOW,OECD.WISE.INE:DSD_WISE_IDD@DF_IDD(1.0),Income distribution database,I,CAN,Canada,A,Annual,INC_DISP_GINI,Gini (disposable income),_Z,Not applicable‚Äã‚Äã,0_TO_1,0-1 scale,_T,Total,METH2012,Income definition since 2012,D_CUR,Current definition,_Z,Not applicable,2005,,0.315,,A,Normal value,,,,,3,Three,,,,,,
DATAFLOW,OECD.WISE.INE:DSD_WISE_IDD@DF_IDD(1.0),Income distribution database,I,CAN,Canada,A,Annual,INC_DISP_GINI,Gini (disposable income),_Z,Not applicable‚Äã‚Äã,0_TO_1,0-1 scale,_T,Total,METH2012,Income definition since 2012,D_CUR,Current definition,_Z,Not applicable,2004,,0.321,,A,Normal value,,,,,3,Three,,,,,,
DATAFLOW,OECD.WISE.INE:DSD_WISE_IDD@DF_IDD(1.0),Income distribution database,I,CAN,Canada,A,Annual,INC_DISP_GINI,Gini (disposable income),_Z,Not applicable‚Äã‚Äã,0_TO_1,0-1 scale,_T,Total,METH2011,Income definition until 2011,D_CUR,Current definition,_Z,Not applicable,2004,,0.322,,A,Normal value,,,,,3,Three,,,,,,
DATAFLOW,OECD.WISE.INE:DSD_WISE_IDD@DF_IDD(1.0),Income distribution database,I,CAN,Canada,A,Annual,INC_DISP_GINI,Gini (disposable income),_Z,Not applicable‚Äã‚Äã,0_TO_1,0-1 scale,_T,Total,METH2011,Income definition until 2011,D_CUR,Current definition,_Z,Not applicable,2003,,0.316,,A,Normal value,,,,,3,Three,,,,,,
DATAFLOW,OECD.WISE.INE:DSD_WISE_IDD@DF_IDD(1.0),Income distribution database,I,CAN,Canada,A,Annual,INC_DISP_GINI,Gini (disposable income),_Z,Not applicable‚Äã‚Äã,0_TO_1,0-1 scale,_T,Total,METH2012,Income definition since 2012,D_CUR,Current definition,_Z,Not applicable,2003,,0.315,,A,Normal value,,,,,3,Three,,,,,,
DATAFLOW,OECD.WISE.INE:DSD_WISE_IDD@DF_IDD(1.0),Income distribution database,I,CAN,Canada,A,Annual,INC_DISP_GINI,Gini (disposable income),_Z,Not applicable‚Äã‚Äã,0_TO_1,0-1 scale,_T,Total,METH2012,Income definition since 2012,D_CUR,Current definition,_Z,Not applicable,2002,,0.317,,A,Normal value,,,,,3,Three,,,,,,
DATAFLOW,OECD.WISE.INE:DSD_WISE_IDD@DF_IDD(1.0),Income distribution database,I,CAN,Canada,A,Annual,INC_DISP_GINI,Gini (disposable income),_Z,Not applicable‚Äã‚Äã,0_TO_1,0-1 scale,_T,Total,METH2011,Income definition until 2011,D_CUR,Current definition,_Z,Not applicable,2002,,0.318,,A,Normal value,,,,,3,Three,,,,,,
DATAFLOW,OECD.WISE.INE:DSD_WISE_IDD@DF_IDD(1.0),Income distribution database,I,CAN,Canada,A,Annual,INC_DISP_GINI,Gini (disposable income),_Z,Not applicable‚Äã‚Äã,0_TO_1,0-1 scale,_T,Total,METH2011,Income definition until 2011,D_CUR,Current definition,_Z,Not applicable,2001,,0.317,,A,Normal value,,,,,3,Three,,,,,,
DATAFLOW,OECD.WISE.INE:DSD_WISE_IDD@DF_IDD(1.0),Income distribution database,I,CAN,Canada,A,Annual,INC_DISP_GINI,Gini (disposable income),_Z,Not applicable‚Äã‚Äã,0_TO_1,0-1 scale,_T,Total,METH2012,Income definition since 2012,D_CUR,Current definition,_Z,Not applicable,2001,,0.317,,A,Normal value,,,,,3,Three,,,,,,
DATAFLOW,OECD.WISE.INE:DSD_WISE_IDD@DF_IDD(1.0),Income distribution database,I,CAN,Canada,A,Annual,INC_DISP_GINI,Gini (disposable income),_Z,Not applicable‚Äã‚Äã,0_TO_1,0-1 scale,_T,Total,METH2012,Income definition since 2012,D_CUR,Current definition,_Z,Not applicable,2000,,0.315,,A,Normal value,,,,,3,Three,,,,,,
DATAFLOW,OECD.WISE.INE:DSD_WISE_IDD@DF_IDD(1.0),Income distribution database,I,CAN,Canada,A,Annual,INC_DISP_GINI,Gini (disposable income),_Z,Not applicable‚Äã‚Äã,0_TO_1,0-1 scale,_T,Total,METH2011,Income definition until 2011,D_CUR,Current definition,_Z,Not applicable,2000,,0.315,,A,Normal value,,,,,3,Three,,,,,,
DATAFLOW,OECD.WISE.INE:DSD_WISE_IDD@DF_IDD(1.0),Income distribution database,I,CAN,Canada,A,Annual,INC_DISP_GINI,Gini (disposable income),_Z,Not applicable‚Äã‚Äã,0_TO_1,0-1 scale,_T,Total,METH2011,Income definition until 2011,D_CUR,Current definition,_Z,Not applicable,1999,,0.307,,A,Normal value,,,,,3,Three,,,,,,
DATAFLOW,OECD.WISE.INE:DSD_WISE_IDD@DF_IDD(1.0),Income distribution database,I,CAN,Canada,A,Annual,INC_DISP_GINI,Gini (disposable income),_Z,Not applicable‚Äã‚Äã,0_TO_1,0-1 scale,_T,Total,METH2012,Income definition since 2012,D_CUR,Current definition,_Z,Not applicable,1999,,0.308,,A,Normal value,,,,,3,Three,,,,,,
DATAFLOW,OECD.WISE.INE:DSD_WISE_IDD@DF_IDD(1.0),Income distribution database,I,CAN,Canada,A,Annual,INC_DISP_GINI,Gini (disposable income),_Z,Not applicable‚Äã‚Äã,0_TO_1,0-1 scale,_T,Total,METH2012,Income definition since 2012,D_CUR,Current definition,_Z,Not applicable,1998,,0.31,,A,Normal value,,,,,3,Three,,,,,,
DATAFLOW,OECD.WISE.INE:DSD_WISE_IDD@DF_IDD(1.0),Income distribution database,I,CAN,Canada,A,Annual,INC_DISP_GINI,Gini (disposable income),_Z,Not applicable‚Äã‚Äã,0_TO_1,0-1 scale,_T,Total,METH2011,Income definition until 2011,D_CUR,Current definition,_Z,Not applicable,1998,,0.307,,A,Normal value,,,,,3,Three,,,,,,
DATAFLOW,OECD.WISE.INE:DSD_WISE_IDD@DF_IDD(1.0),Income distribution database,I,CAN,Canada,A,Annual,INC_DISP_GINI,Gini (disposable income),_Z,Not applicable‚Äã‚Äã,0_TO_1,0-1 scale,_T,Total,METH2011,Income definition until 2011,D_CUR,Current definition,_Z,Not applicable,1997,,0.301,,A,Normal value,,,,,3,Three,,,,,,
DATAFLOW,OECD.WISE.INE:DSD_WISE_IDD@DF_IDD(1.0),Income distribution database,I,CAN,Canada,A,Annual,INC_DISP_GINI,Gini (disposable income),_Z,Not applicable‚Äã‚Äã,0_TO_1,0-1 scale,_T,Total,METH2012,Income definition since 2012,D_CUR,Current definition,_Z,Not applicable,1997,,0.304,,A,Normal value,,,,,3,Three,,,,,,
DATAFLOW,OECD.WISE.INE:DSD_WISE_IDD@DF_IDD(1.0),Income distribution database,I,CAN,Canada,A,Annual,INC_DISP_GINI,Gini (disposable income),_Z,Not applicable‚Äã‚Äã,0_TO_1,0-1 scale,_T,Total,METH2012,Income definition since 2012,D_CUR,Current definition,_Z,Not applicable,1996,,0.301,,A,Normal value,,,,,3,Three,,,,,,
DATAFLOW,OECD.WISE.INE:DSD_WISE_IDD@DF_IDD(1.0),Income distribution database,I,CAN,Canada,A,Annual,INC_DISP_GINI,Gini (disposable income),_Z,Not applicable‚Äã‚Äã,0_TO_1,0-1 scale,_T,Total,METH2011,Income definition until 2011,D_CUR,Current definition,_Z,Not applicable,1996,,0.297,,A,Normal value,,,,,3,Three,,,,,,
DATAFLOW,OECD.WISE.INE:DSD_WISE_IDD@DF_IDD(1.0),Income distribution database,I,CAN,Canada,A,Annual,INC_DISP_GINI,Gini (disposable income),_Z,Not applicable‚Äã‚Äã,0_TO_1,0-1 scale,_T,Total,METH2011,Income definition until 2011,D_CUR,Current definition,_Z,Not applicable,1995,,0.289,,A,Normal value,,,,,3,Three,,,,,,
DATAFLOW,OECD.WISE.INE:DSD_WISE_IDD@DF_IDD(1.0),Income distribution database,I,CAN,Canada,A,Annual,INC_DISP_GINI,Gini (disposable income),_Z,Not applicable‚Äã‚Äã,0_TO_1,0-1 scale,_T,Total,METH2011,Income definition until 2011,D_CUR,Current definition,_Z,Not applicable,1994,,0.287,,A,Normal value,,,,,3,Three,,,,,,
DATAFLOW,OECD.WISE.INE:DSD_WISE_IDD@DF_IDD(1.0),Income distribution database,I,CAN,Canada,A,Annual,INC_DISP_GINI,Gini (disposable income),_Z,Not applicable‚Äã‚Äã,0_TO_1,0-1 scale,_T,Total,METH2011,Income definition until 2011,D_CUR,Current definition,_Z,Not applicable,1993,,0.286,,A,Normal value,,,,,3,Three,,,,,,
DATAFLOW,OECD.WISE.INE:DSD_WISE_IDD@DF_IDD(1.0),Income distribution database,I,CAN,Canada,A,Annual,INC_DISP_GINI,Gini (disposable income),_Z,Not applicable‚Äã‚Äã,0_TO_1,0-1 scale,_T,Total,METH2012,Income definition since 2012,D_CUR,Current definition,_Z,Not applicable,1992,,0.296,,A,Normal value,,,,,3,Three,,,,,,
DATAFLOW,OECD.WISE.INE:DSD_WISE_IDD@DF_IDD(1.0),Income distribution database,I,CAN,Canada,A,Annual,INC_DISP_GINI,Gini (disposable income),_Z,Not applicable‚Äã‚Äã,0_TO_1,0-1 scale,_T,Total,METH2011,Income definition until 2011,D_CUR,Current definition,_Z,Not applicable,1992,,0.292,,A,Normal value,,,,,3,Three,,,,,,
DATAFLOW,OECD.WISE.INE:DSD_WISE_IDD@DF_IDD(1.0),Income distribution database,I,CAN,Canada,A,Annual,INC_DISP_GINI,Gini (disposable income),_Z,Not applicable‚Äã‚Äã,0_TO_1,0-1 scale,_T,Total,METH2011,Income definition until 2011,D_CUR,Current definition,_Z,Not applicable,1991,,0.294,,A,Normal value,,,,,3,Three,,,,,,
DATAFLOW,OECD.WISE.INE:DSD_WISE_IDD@DF_IDD(1.0),Income distribution database,I,CAN,Canada,A,Annual,INC_DISP_GINI,Gini (disposable income),_Z,Not applicable‚Äã‚Äã,0_TO_1,0-1 scale,_T,Total,METH2012,Income definition since 2012,D_CUR,Current definition,_Z,Not applicable,1991,,0.296,,A,Normal value,,,,,3,Three,,,,,,
DATAFLOW,OECD.WISE.INE:DSD_WISE_IDD@DF_IDD(1.0),Income distribution database,I,CAN,Canada,A,Annual,INC_DISP_GINI,Gini (disposable income),_Z,Not applicable‚Äã‚Äã,0_TO_1,0-1 scale,_T,Total,METH2012,Income definition since 2012,D_CUR,Current definition,_Z,Not applicable,1990,,0.289,,A,Normal value,,,,,3,Three,,,,,,
DATAFLOW,OECD.WISE.INE:DSD_WISE_IDD@DF_IDD(1.0),Income distribution database,I,CAN,Canada,A,Annual,INC_DISP_GINI,Gini (disposable income),_Z,Not applicable‚Äã‚Äã,0_TO_1,0-1 scale,_T,Total,METH2011,Income definition until 2011,D_CUR,Current definition,_Z,Not applicable,1990,,0.287,,A,Normal value,,,,,3,Three,,,,,,
DATAFLOW,OECD.WISE.INE:DSD_WISE_IDD@DF_IDD(1.0),Income distribution database,I,CAN,Canada,A,Annual,INC_DISP_GINI,Gini (disposable income),_Z,Not applicable‚Äã‚Äã,0_TO_1,0-1 scale,_T,Total,METH2011,Income definition until 2011,D_CUR,Current definition,_Z,Not applicable,1989,,0.282,,A,Normal value,,,,,3,Three,,,,,,
DATAFLOW,OECD.WISE.INE:DSD_WISE_IDD@DF_IDD(1.0),Income distribution database,I,CAN,Canada,A,Annual,INC_DISP_GINI,Gini (disposable income),_Z,Not applicable‚Äã‚Äã,0_TO_1,0-1 scale,_T,Total,METH2012,Income definition since 2012,D_CUR,Current definition,_Z,Not applicable,1989,,0.284,,A,Normal value,,,,,3,Three,,,,,,
DATAFLOW,OECD.WISE.INE:DSD_WISE_IDD@DF_IDD(1.0),Income distribution database,I,CAN,Canada,A,Annual,INC_DISP_GINI,Gini (disposable income),_Z,Not applicable‚Äã‚Äã,0_TO_1,0-1 scale,_T,Total,METH2012,Income definition since 2012,D_CUR,Current definition,_Z,Not applicable,1988,,0.286,,A,Normal value,,,,,3,Three,,,,,,
DATAFLOW,OECD.WISE.INE:DSD_WISE_IDD@DF_IDD(1.0),Income distribution database,I,CAN,Canada,A,Annual,INC_DISP_GINI,Gini (disposable income),_Z,Not applicable‚Äã‚Äã,0_TO_1,0-1 scale,_T,Total,METH2011,Income definition until 2011,D_CUR,Current definition,_Z,Not applicable,1988,,0.284,,A,Normal value,,,,,3,Three,,,,,,
DATAFLOW,OECD.WISE.INE:DSD_WISE_IDD@DF_IDD(1.0),Income distribution database,I,CAN,Canada,A,Annual,INC_DISP_GINI,Gini (disposable income),_Z,Not applicable‚Äã‚Äã,0_TO_1,0-1 scale,_T,Total,METH2011,Income definition until 2011,D_CUR,Current definition,_Z,Not applicable,1987,,0.289,,A,Normal value,,,,,3,Three,,,,,,
DATAFLOW,OECD.WISE.INE:DSD_WISE_IDD@DF_IDD(1.0),Income distribution database,I,CAN,Canada,A,Annual,INC_DISP_GINI,Gini (disposable income),_Z,Not applicable‚Äã‚Äã,0_TO_1,0-1 scale,_T,Total,METH2012,Income definition since 2012,D_CUR,Current definition,_Z,Not applicable,1987,,0.291,,A,Normal value,,,,,3,Three,,,,,,
DATAFLOW,OECD.WISE.INE:DSD_WISE_IDD@DF_IDD(1.0),Income distribution database,I,CAN,Canada,A,Annual,INC_DISP_GINI,Gini (disposable income),_Z,Not applicable‚Äã‚Äã,0_TO_1,0-1 scale,_T,Total,METH2012,Income definition since 2012,D_CUR,Current definition,_Z,Not applicable,1986,,0.293,,A,Normal value,,,,,3,Three,,,,,,
DATAFLOW,OECD.WISE.INE:DSD_WISE_IDD@DF_IDD(1.0),Income distribution database,I,CAN,Canada,A,Annual,INC_DISP_GINI,Gini (disposable income),_Z,Not applicable‚Äã‚Äã,0_TO_1,0-1 scale,_T,Total,METH2011,Income definition until 2011,D_CUR,Current definition,_Z,Not applicable,1986,,0.292,,A,Normal value,,,,,3,Three,,,,,,
DATAFLOW,OECD.WISE.INE:DSD_WISE_IDD@DF_IDD(1.0),Income distribution database,I,CAN,Canada,A,Annual,INC_DISP_GINI,Gini (disposable income),_Z,Not applicable‚Äã‚Äã,0_TO_1,0-1 scale,_T,Total,METH2011,Income definition until 2011,D_CUR,Current definition,_Z,Not applicable,1985,,0.293,,A,Normal value,,,,,3,Three,,,,,,
DATAFLOW,OECD.WISE.INE:DSD_WISE_IDD@DF_IDD(1.0),Income distribution database,I,CAN,Canada,A,Annual,INC_DISP_GINI,Gini (disposable income),_Z,Not applicable‚Äã‚Äã,0_TO_1,0-1 scale,_T,Total,METH2012,Income definition since 2012,D_CUR,Current definition,_Z,Not applicable,1985,,0.294,,A,Normal value,,,,,3,Three,,,,,,
DATAFLOW,OECD.WISE.INE:DSD_WISE_IDD@DF_IDD(1.0),Income distribution database,I,CAN,Canada,A,Annual,INC_DISP_GINI,Gini (disposable income),_Z,Not applicable‚Äã‚Äã,0_TO_1,0-1 scale,_T,Total,METH2012,Income definition since 2012,D_CUR,Current definition,_Z,Not applicable,1984,,0.297,,A,Normal value,,,,,3,Three,,,,,,
DATAFLOW,OECD.WISE.INE:DSD_WISE_IDD@DF_IDD(1.0),Income distribution database,I,CAN,Canada,A,Annual,INC_DISP_GINI,Gini (disposable income),_Z,Not applicable‚Äã‚Äã,0_TO_1,0-1 scale,_T,Total,METH2011,Income definition until 2011,D_CUR,Current definition,_Z,Not applicable,1984,,0.296,,A,Normal value,,,,,3,Three,,,,,,
DATAFLOW,OECD.WISE.INE:DSD_WISE_IDD@DF_IDD(1.0),Income distribution database,I,CAN,Canada,A,Annual,INC_DISP_GINI,Gini (disposable income),_Z,Not applicable‚Äã‚Äã,0_TO_1,0-1 scale,_T,Total,METH2011,Income definition until 2011,D_CUR,Current definition,_Z,Not applicable,1983,,0.299,,A,Normal value,,,,,3,Three,,,,,,
DATAFLOW,OECD.WISE.INE:DSD_WISE_IDD@DF_IDD(1.0),Income distribution database,I,CAN,Canada,A,Annual,INC_DISP_GINI,Gini (disposable income),_Z,Not applicable‚Äã‚Äã,0_TO_1,0-1 scale,_T,Total,METH2012,Income definition since 2012,D_CUR,Current definition,_Z,Not applicable,1983,,0.3,,A,Normal value,,,,,3,Three,,,,,,
DATAFLOW,OECD.WISE.INE:DSD_WISE_IDD@DF_IDD(1.0),Income distribution database,I,CAN,Canada,A,Annual,INC_DISP_GINI,Gini (disposable income),_Z,Not applicable‚Äã‚Äã,0_TO_1,0-1 scale,_T,Total,METH2012,Income definition since 2012,D_CUR,Current definition,_Z,Not applicable,1982,,0.292,,A,Normal value,,,,,3,Three,,,,,,
DATAFLOW,OECD.WISE.INE:DSD_WISE_IDD@DF_IDD(1.0),Income distribution database,I,CAN,Canada,A,Annual,INC_DISP_GINI,Gini (disposable income),_Z,Not applicable‚Äã‚Äã,0_TO_1,0-1 scale,_T,Total,METH2011,Income definition until 2011,D_CUR,Current definition,_Z,Not applicable,1982,,0.291,,A,Normal value,,,,,3,Three,,,,,,
DATAFLOW,OECD.WISE.INE:DSD_WISE_IDD@DF_IDD(1.0),Income distribution database,I,CAN,Canada,A,Annual,INC_DISP_GINI,Gini (disposable income),_Z,Not applicable‚Äã‚Äã,0_TO_1,0-1 scale,_T,Total,METH2011,Income definition until 2011,D_CUR,Current definition,_Z,Not applicable,1981,,0.287,,A,Normal value,,,,,3,Three,,,,,,
DATAFLOW,OECD.WISE.INE:DSD_WISE_IDD@DF_IDD(1.0),Income distribution database,I,CAN,Canada,A,Annual,INC_DISP_GINI,Gini (disposable income),_Z,Not applicable‚Äã‚Äã,0_TO_1,0-1 scale,_T,Total,METH2012,Income definition since 2012,D_CUR,Current definition,_Z,Not applicable,1981,,0.288,,A,Normal value,,,,,3,Three,,,,,,
DATAFLOW,OECD.WISE.INE:DSD_WISE_IDD@DF_IDD(1.0),Income distribution database,I,CAN,Canada,A,Annual,INC_DISP_GINI,Gini (disposable income),_Z,Not applicable‚Äã‚Äã,0_TO_1,0-1 scale,_T,Total,METH2012,Income definition since 2012,D_CUR,Current definition,_Z,Not applicable,1980,,0.289,,A,Normal value,,,,,3,Three,,,,,,
DATAFLOW,OECD.WISE.INE:DSD_WISE_IDD@DF_IDD(1.0),Income distribution database,I,CAN,Canada,A,Annual,INC_DISP_GINI,Gini (disposable income),_Z,Not applicable‚Äã‚Äã,0_TO_1,0-1 scale,_T,Total,METH2011,Income definition until 2011,D_CUR,Current definition,_Z,Not applicable,1980,,0.289,,A,Normal value,,,,,3,Three,,,,,,
DATAFLOW,OECD.WISE.INE:DSD_WISE_IDD@DF_IDD(1.0),Income distribution database,I,USA,United States,A,Annual,INC_DISP_GINI,Gini (disposable income),_Z,Not applicable‚Äã‚Äã,0_TO_1,0-1 scale,_T,Total,METH2011,Income definition until 2011,D_CUR,Current definition,_Z,Not applicable,2012,,0.389,,A,Normal value,,,,,3,Three,,,,,,
DATAFLOW,OECD.WISE.INE:DSD_WISE_IDD@DF_IDD(1.0),Income distribution database,I,USA,United States,A,Annual,INC_DISP_GINI,Gini (disposable income),_Z,Not applicable‚Äã‚Äã,0_TO_1,0-1 scale,_T,Total,METH2011,Income definition until 2011,D_CUR,Current definition,_Z,Not applicable,2011,,0.389,,A,Normal value,,,,,3,Three,,,,,,
DATAFLOW,OECD.WISE.INE:DSD_WISE_IDD@DF_IDD(1.0),Income distribution database,I,USA,United States,A,Annual,INC_DISP_GINI,Gini (disposable income),_Z,Not applicable‚Äã‚Äã,0_TO_1,0-1 scale,_T,Total,METH2011,Income definition until 2011,D_CUR,Current definition,_Z,Not applicable,2010,,0.38,,A,Normal value,,,,,3,Three,,,,,,
DATAFLOW,OECD.WISE.INE:DSD_WISE_IDD@DF_IDD(1.0),Income distribution database,I,USA,United States,A,Annual,INC_DISP_GINI,Gini (disposable income),_Z,Not applicable‚Äã‚Äã,0_TO_1,0-1 scale,_T,Total,METH2011,Income definition until 2011,D_CUR,Current definition,_Z,Not applicable,2009,,0.379,,A,Normal value,,,,,3,Three,,,,,,
DATAFLOW,OECD.WISE.INE:DSD_WISE_IDD@DF_IDD(1.0),Income distribution database,I,USA,United States,A,Annual,INC_DISP_GINI,Gini (disposable income),_Z,Not applicable‚Äã‚Äã,0_TO_1,0-1 scale,_T,Total,METH2011,Income definition until 2011,D_CUR,Current definition,_Z,Not applicable,2008,,0.378,,A,Normal value,,,,,3,Three,,,,,,
DATAFLOW,OECD.WISE.INE:DSD_WISE_IDD@DF_IDD(1.0),Income distribution database,I,USA,United States,A,Annual,INC_DISP_GINI,Gini (disposable income),_Z,Not applicable‚Äã‚Äã,0_TO_1,0-1 scale,_T,Total,METH2011,Income definition until 2011,D_CUR,Current definition,_Z,Not applicable,2007,,0.376,,A,Normal value,,,,,3,Three,,,,,,
DATAFLOW,OECD.WISE.INE:DSD_WISE_IDD@DF_IDD(1.0),Income distribution database,I,USA,United States,A,Annual,INC_DISP_GINI,Gini (disposable income),_Z,Not applicable‚Äã‚Äã,0_TO_1,0-1 scale,_T,Total,METH2011,Income definition until 2011,D_CUR,Current definition,_Z,Not applicable,2006,,0.384,,A,Normal value,,,,,3,Three,,,,,,
DATAFLOW,OECD.WISE.INE:DSD_WISE_IDD@DF_IDD(1.0),Income distribution database,I,USA,United States,A,Annual,INC_DISP_GINI,Gini (disposable income),_Z,Not applicable‚Äã‚Äã,0_TO_1,0-1 scale,_T,Total,METH2011,Income definition until 2011,D_CUR,Current definition,_Z,Not applicable,2005,,0.38,,A,Normal value,,,,,3,Three,,,,,,
DATAFLOW,OECD.WISE.INE:DSD_WISE_IDD@DF_IDD(1.0),Income distribution database,I,USA,United States,A,Annual,INC_DISP_GINI,Gini (disposable income),_Z,Not applicable‚Äã‚Äã,0_TO_1,0-1 scale,_T,Total,METH2011,Income definition until 2011,D_CUR,Current definition,_Z,Not applicable,2004,,0.36,,A,Normal value,,,,,3,Three,,,,,,
DATAFLOW,OECD.WISE.INE:DSD_WISE_IDD@DF_IDD(1.0),Income distribution database,I,USA,United States,A,Annual,INC_DISP_GINI,Gini (disposable income),_Z,Not applicable‚Äã‚Äã,0_TO_1,0-1 scale,_T,Total,METH2011,Income definition until 2011,D_CUR,Current definition,_Z,Not applicable,2003,,0.374,,A,Normal value,,,,,3,Three,,,,,,
DATAFLOW,OECD.WISE.INE:DSD_WISE_IDD@DF_IDD(1.0),Income distribution database,I,USA,United States,A,Annual,INC_DISP_GINI,Gini (disposable income),_Z,Not applicable‚Äã‚Äã,0_TO_1,0-1 scale,_T,Total,METH2011,Income definition until 2011,D_CUR,Current definition,_Z,Not applicable,2002,,0.376,,A,Normal value,,,,,3,Three,,,,,,
DATAFLOW,OECD.WISE.INE:DSD_WISE_IDD@DF_IDD(1.0),Income distribution database,I,USA,United States,A,Annual,INC_DISP_GINI,Gini (disposable income),_Z,Not applicable‚Äã‚Äã,0_TO_1,0-1 scale,_T,Total,METH2011,Income definition until 2011,D_CUR,Current definition,_Z,Not applicable,2001,,0.36,,A,Normal value,,,,,3,Three,,,,,,
DATAFLOW,OECD.WISE.INE:DSD_WISE_IDD@DF_IDD(1.0),Income distribution database,I,USA,United States,A,Annual,INC_DISP_GINI,Gini (disposable income),_Z,Not applicable‚Äã‚Äã,0_TO_1,0-1 scale,_T,Total,METH2011,Income definition until 2011,D_CUR,Current definition,_Z,Not applicable,2000,,0.357,,A,Normal value,,,,,3,Three,,,,,,
DATAFLOW,OECD.WISE.INE:DSD_WISE_IDD@DF_IDD(1.0),Income distribution database,I,USA,United States,A,Annual,INC_DISP_GINI,Gini (disposable income),_Z,Not applicable‚Äã‚Äã,0_TO_1,0-1 scale,_T,Total,METH2011,Income definition until 2011,D_CUR,Current definition,_Z,Not applicable,1999,,0.354,,A,Normal value,,,,,3,Three,,,,,,
DATAFLOW,OECD.WISE.INE:DSD_WISE_IDD@DF_IDD(1.0),Income distribution database,I,USA,United States,A,Annual,INC_DISP_GINI,Gini (disposable income),_Z,Not applicable‚Äã‚Äã,0_TO_1,0-1 scale,_T,Total,METH2011,Income definition until 2011,D_CUR,Current definition,_Z,Not applicable,1998,,0.357,,A,Normal value,,,,,3,Three,,,,,,
DATAFLOW,OECD.WISE.INE:DSD_WISE_IDD@DF_IDD(1.0),Income distribution database,I,USA,United States,A,Annual,INC_DISP_GINI,Gini (disposable income),_Z,Not applicable‚Äã‚Äã,0_TO_1,0-1 scale,_T,Total,METH2011,Income definition until 2011,D_CUR,Current definition,_Z,Not applicable,1997,,0.364,,A,Normal value,,,,,3,Three,,,,,,
DATAFLOW,OECD.WISE.INE:DSD_WISE_IDD@DF_IDD(1.0),Income distribution database,I,USA,United States,A,Annual,INC_DISP_GINI,Gini (disposable income),_Z,Not applicable‚Äã‚Äã,0_TO_1,0-1 scale,_T,Total,METH2011,Income definition until 2011,D_CUR,Current definition,_Z,Not applicable,1996,,0.363,,A,Normal value,,,,,3,Three,,,,,,
DATAFLOW,OECD.WISE.INE:DSD_WISE_IDD@DF_IDD(1.0),Income distribution database,I,USA,United States,A,Annual,INC_DISP_GINI,Gini (disposable income),_Z,Not applicable‚Äã‚Äã,0_TO_1,0-1 scale,_T,Total,METH2011,Income definition until 2011,D_CUR,Current definition,_Z,Not applicable,1995,,0.361,,A,Normal value,,,,,3,Three,,,,,,
DATAFLOW,OECD.WISE.INE:DSD_WISE_IDD@DF_IDD(1.0),Income distribution database,I,USA,United States,A,Annual,INC_DISP_GINI,Gini (disposable income),_Z,Not applicable‚Äã‚Äã,0_TO_1,0-1 scale,_T,Total,METH2011,Income definition until 2011,D_CUR,Current definition,_Z,Not applicable,1994,,0.366,,A,Normal value,,,,,3,Three,,,,,,
DATAFLOW,OECD.WISE.INE:DSD_WISE_IDD@DF_IDD(1.0),Income distribution database,I,USA,United States,A,Annual,INC_DISP_GINI,Gini (disposable income),_Z,Not applicable‚Äã‚Äã,0_TO_1,0-1 scale,_T,Total,METH2011,Income definition until 2011,D_CUR,Current definition,_Z,Not applicable,1993,,0.369,,A,Normal value,,,,,3,Three,,,,,,
DATAFLOW,OECD.WISE.INE:DSD_WISE_IDD@DF_IDD(1.0),Income distribution database,I,GBR,United Kingdom,A,Annual,INC_DISP_GINI,Gini (disposable income),_Z,Not applicable‚Äã‚Äã,0_TO_1,0-1 scale,_T,Total,METH2011,Income definition until 2011,D_CUR,Current definition,_Z,Not applicable,2010,,0.341,,A,Normal value,,,,,3,Three,,,,,,
DATAFLOW,OECD.WISE.INE:DSD_WISE_IDD@DF_IDD(1.0),Income distribution database,I,GBR,United Kingdom,A,Annual,INC_DISP_GINI,Gini (disposable income),_Z,Not applicable‚Äã‚Äã,0_TO_1,0-1 scale,_T,Total,METH2011,Income definition until 2011,D_CUR,Current definition,_Z,Not applicable,2009,,0.345,,A,Normal value,,,,,3,Three,,,,,,
DATAFLOW,OECD.WISE.INE:DSD_WISE_IDD@DF_IDD(1.0),Income distribution database,I,GBR,United Kingdom,A,Annual,INC_DISP_GINI,Gini (disposable income),_Z,Not applicable‚Äã‚Äã,0_TO_1,0-1 scale,_T,Total,METH2011,Income definition until 2011,D_CUR,Current definition,_Z,Not applicable,2008,,0.342,,A,Normal value,,,,,3,Three,,,,,,
DATAFLOW,OECD.WISE.INE:DSD_WISE_IDD@DF_IDD(1.0),Income distribution database,I,GBR,United Kingdom,A,Annual,INC_DISP_GINI,Gini (disposable income),_Z,Not applicable‚Äã‚Äã,0_TO_1,0-1 scale,_T,Total,METH2011,Income definition until 2011,D_CUR,Current definition,_Z,Not applicable,2007,,0.341,,A,Normal value,,,,,3,Three,,,,,,
DATAFLOW,OECD.WISE.INE:DSD_WISE_IDD@DF_IDD(1.0),Income distribution database,I,GBR,United Kingdom,A,Annual,INC_DISP_GINI,Gini (disposable income),_Z,Not applicable‚Äã‚Äã,0_TO_1,0-1 scale,_T,Total,METH2011,Income definition until 2011,D_CUR,Current definition,_Z,Not applicable,2006,,0.339,,A,Normal value,,,,,3,Three,,,,,,
DATAFLOW,OECD.WISE.INE:DSD_WISE_IDD@DF_IDD(1.0),Income distribution database,I,GBR,United Kingdom,A,Annual,INC_DISP_GINI,Gini (disposable income),_Z,Not applicable‚Äã‚Äã,0_TO_1,0-1 scale,_T,Total,METH2011,Income definition until 2011,D_CUR,Current definition,_Z,Not applicable,2005,,0.335,,A,Normal value,,,,,3,Three,,,,,,
DATAFLOW,OECD.WISE.INE:DSD_WISE_IDD@DF_IDD(1.0),Income distribution database,I,GBR,United Kingdom,A,Annual,INC_DISP_GINI,Gini (disposable income),_Z,Not applicable‚Äã‚Äã,0_TO_1,0-1 scale,_T,Total,METH2011,Income definition until 2011,D_CUR,Current definition,_Z,Not applicable,2004,,0.331,,A,Normal value,,,,,3,Three,,,,,,
DATAFLOW,OECD.WISE.INE:DSD_WISE_IDD@DF_IDD(1.0),Income distribution database,I,GBR,United Kingdom,A,Annual,INC_DISP_GINI,Gini (disposable income),_Z,Not applicable‚Äã‚Äã,0_TO_1,0-1 scale,_T,Total,METH2011,Income definition until 2011,D_CUR,Current definition,_Z,Not applicable,2003,,0.335,,A,Normal value,,,,,3,Three,,,,,,
DATAFLOW,OECD.WISE.INE:DSD_WISE_IDD@DF_IDD(1.0),Income distribution database,I,GBR,United Kingdom,A,Annual,INC_DISP_GINI,Gini (disposable income),_Z,Not applicable‚Äã‚Äã,0_TO_1,0-1 scale,_T,Total,METH2011,Income definition until 2011,D_CUR,Current definition,_Z,Not applicable,2002,,0.335,,A,Normal value,,,,,3,Three,,,,,,
DATAFLOW,OECD.WISE.INE:DSD_WISE_IDD@DF_IDD(1.0),Income distribution database,I,GBR,United Kingdom,A,Annual,INC_DISP_GINI,Gini (disposable income),_Z,Not applicable‚Äã‚Äã,0_TO_1,0-1 scale,_T,Total,METH2011,Income definition until 2011,D_CUR,Current definition,_Z,Not applicable,2001,,0.34,,A,Normal value,,,,,3,Three,,,,,,
DATAFLOW,OECD.WISE.INE:DSD_WISE_IDD@DF_IDD(1.0),Income distribution database,I,GBR,United Kingdom,A,Annual,INC_DISP_GINI,Gini (disposable income),_Z,Not applicable‚Äã‚Äã,0_TO_1,0-1 scale,_T,Total,METH2011,Income definition until 2011,D_CUR,Current definition,_Z,Not applicable,2000,,0.352,,A,Normal value,,,,,3,Three,,,,,,
DATAFLOW,OECD.WISE.INE:DSD_WISE_IDD@DF_IDD(1.0),Income distribution database,I,GBR,United Kingdom,A,Annual,INC_DISP_GINI,Gini (disposable income),_Z,Not applicable‚Äã‚Äã,0_TO_1,0-1 scale,_T,Total,METH2011,Income definition until 2011,D_CUR,Current definition,_Z,Not applicable,1999,,0.34,,A,Normal value,,,,,3,Three,,,,,,
DATAFLOW,OECD.WISE.INE:DSD_WISE_IDD@DF_IDD(1.0),Income distribution database,I,GBR,United Kingdom,A,Annual,INC_DISP_GINI,Gini (disposable income),_Z,Not applicable‚Äã‚Äã,0_TO_1,0-1 scale,_T,Total,METH2011,Income definition until 2011,D_CUR,Current definition,_Z,Not applicable,1994,,0.337,,A,Normal value,,,,,3,Three,,,,,,
DATAFLOW,OECD.WISE.INE:DSD_WISE_IDD@DF_IDD(1.0),Income distribution database,I,GBR,United Kingdom,A,Annual,INC_DISP_GINI,Gini (disposable income),_Z,Not applicable‚Äã‚Äã,0_TO_1,0-1 scale,_T,Total,METH2011,Income definition until 2011,D_CUR,Current definition,_Z,Not applicable,1990,,0.355,,A,Normal value,,,,,3,Three,,,,,,
DATAFLOW,OECD.WISE.INE:DSD_WISE_IDD@DF_IDD(1.0),Income distribution database,I,GBR,United Kingdom,A,Annual,INC_DISP_GINI,Gini (disposable income),_Z,Not applicable‚Äã‚Äã,0_TO_1,0-1 scale,_T,Total,METH2011,Income definition until 2011,D_CUR,Current definition,_Z,Not applicable,1985,,0.309,,A,Normal value,,,,,3,Three,,,,,,
DATAFLOW,OECD.WISE.INE:DSD_WISE_IDD@DF_IDD(1.0),Income distribution database,I,SWE,Sweden,A,Annual,INC_DISP_GINI,Gini (disposable income),_Z,Not applicable‚Äã‚Äã,0_TO_1,0-1 scale,_T,Total,METH2011,Income definition until 2011,D_CUR,Current definition,_Z,Not applicable,2011,,0.273,,A,Normal value,,,,,3,Three,,,,,,
DATAFLOW,OECD.WISE.INE:DSD_WISE_IDD@DF_IDD(1.0),Income distribution database,I,SWE,Sweden,A,Annual,INC_DISP_GINI,Gini (disposable income),_Z,Not applicable‚Äã‚Äã,0_TO_1,0-1 scale,_T,Total,METH2011,Income definition until 2011,D_CUR,Current definition,_Z,Not applicable,2010,,0.269,,A,Normal value,,,,,3,Three,,,,,,
DATAFLOW,OECD.WISE.INE:DSD_WISE_IDD@DF_IDD(1.0),Income distribution database,I,SWE,Sweden,A,Annual,INC_DISP_GINI,Gini (disposable income),_Z,Not applicable‚Äã‚Äã,0_TO_1,0-1 scale,_T,Total,METH2011,Income definition until 2011,D_CUR,Current definition,_Z,Not applicable,2009,,0.269,,A,Normal value,,,,,3,Three,,,,,,
DATAFLOW,OECD.WISE.INE:DSD_WISE_IDD@DF_IDD(1.0),Income distribution database,I,SWE,Sweden,A,Annual,INC_DISP_GINI,Gini (disposable income),_Z,Not applicable‚Äã‚Äã,0_TO_1,0-1 scale,_T,Total,METH2011,Income definition until 2011,D_CUR,Current definition,_Z,Not applicable,2008,,0.259,,A,Normal value,,,,,3,Three,,,,,,
DATAFLOW,OECD.WISE.INE:DSD_WISE_IDD@DF_IDD(1.0),Income distribution database,I,SWE,Sweden,A,Annual,INC_DISP_GINI,Gini (disposable income),_Z,Not applicable‚Äã‚Äã,0_TO_1,0-1 scale,_T,Total,METH2011,Income definition until 2011,D_CUR,Current definition,_Z,Not applicable,2004,,0.234,,A,Normal value,,,,,3,Three,,,,,,
